dataset,fraction_label,model,mode,n,inside_change_mean,inside_change_std,outside_change_mean,outside_change_std,leakage_ratio_mean,leakage_ratio_std,leakage_ratio_median,outside_p99_mean,outside_p99_std,outside_p999_mean,outside_p999_std
imagenet_sketch,10,llamagen,closest,50889,0.07433403321728253,0.03850059003174681,0.007295693157585509,0.004000455544098306,9.602612160369198,856.6969832336878,0.099808711144178,0.10390322067912357,0.051388295508067214,0.27537454060929756,0.1122257389899789
imagenet_sketch,10,llamagen,orthogonal,50889,0.25408795204092255,0.07236086148173566,0.022459503581907025,0.008708657047305038,0.09105651378758119,0.03444829414905464,0.0869349274488864,0.26822248129780085,0.09392976784516528,0.530472447488865,0.1542514587602571
imagenet_sketch,10,llamagen,random_uniform,50889,0.25326929774880597,0.07242942249640939,0.02230607947752994,0.008679506063704767,0.09083050098999114,0.033768377705950633,0.0869648909996427,0.2667682615544104,0.09447112755494165,0.5319367197529326,0.15534657558450723
imagenet_sketch,10,llamagen,farthest,50889,0.4193908693659775,0.10164258574682136,0.029116765777066685,0.010111100301210716,0.07205791571200819,0.027631643219872343,0.0682011034085937,0.34941747732176387,0.10557291022176551,0.6438646441621467,0.14773628087041196
imagenet_sketch,10,vqgan,closest,50889,0.08747938540908619,0.045841076652972254,0.011373624490079143,0.0064249889688093535,1.6445494108145828,334.8650104123707,0.1328462303382931,0.17102162028828433,0.08629606811304438,0.4149609320389433,0.1694171451949127
imagenet_sketch,10,vqgan,orthogonal,50889,0.28287813230631603,0.06668247896736246,0.027920951200730085,0.012923108172589926,0.10030396380780972,0.04400011595141508,0.093846101164638,0.3919094491379409,0.14249263211659938,0.6775752018480767,0.17391748898148748
imagenet_sketch,10,vqgan,random_uniform,50889,0.25212744978384527,0.0637662433328236,0.0282428766086806,0.012932587102360693,0.11577561471326078,0.05382333514767907,0.1055944725090674,0.349589716457927,0.13283487602195393,0.6010239125154372,0.18270510582348137
imagenet_sketch,10,vqgan,farthest,50889,0.6061243504159801,0.12635806843672784,0.04136842561987718,0.016874787633881123,0.07138243057738677,0.03401691612190322,0.0653850917948647,0.5877091082650696,0.1648794629761977,0.9088351197060174,0.10317838951972454
imagenet_sketch,25,llamagen,closest,50889,0.07125767841270597,0.03410002887814339,0.010095353638286786,0.0061080555875903785,5.317268019788737,1122.4668349891374,0.1415188058057663,0.12988750149275788,0.06576785686543962,0.3078939672167599,0.12340773944253784
imagenet_sketch,25,llamagen,orthogonal,50889,0.2870958479626404,0.06651416226321269,0.03640730184100611,0.014324444124816616,0.12831677301177558,0.047753406913282836,0.1239274387112573,0.329407675499303,0.11418587417524763,0.5709140214655337,0.15318273209525057
imagenet_sketch,25,llamagen,random_uniform,50889,0.2876453818277791,0.06590047666105973,0.03632233717687804,0.014130998620757208,0.12814347767443174,0.047033131165165276,0.1237761615827837,0.32911410194685664,0.11488994867053837,0.574462006102586,0.15479003491764384
imagenet_sketch,25,llamagen,farthest,50889,0.48543582583822587,0.10569365780079447,0.047149756394444284,0.017606328514187117,0.099893989986576,0.03963579809957021,0.0954692354856721,0.4408804855707384,0.13077571703899532,0.7062118034282859,0.14290083016280977
imagenet_sketch,25,vqgan,closest,50889,0.08574017829543315,0.04123239823798875,0.01611503567041713,0.010242341832544442,0.20467716692158447,0.13702908847798553,0.1876013516987637,0.216049423338495,0.11202752920407884,0.4588056792144847,0.18019282757978994
imagenet_sketch,25,vqgan,orthogonal,50889,0.3093099933642883,0.059073076636174816,0.038736516287010345,0.01932120986561989,0.12673778553555068,0.06200034112303923,0.1187810143900734,0.44542666693968425,0.15956394839565688,0.7052141069240915,0.1639186390388653
imagenet_sketch,25,vqgan,random_uniform,50889,0.2833962603344257,0.0625628218036006,0.04344815186340744,0.019938727224152224,0.15937846496755464,0.07904681183412063,0.1433724085128962,0.4061841329993205,0.15070432345497803,0.636286033193735,0.184050719332781
imagenet_sketch,25,vqgan,farthest,50889,0.6411811235341167,0.10878313521253574,0.06151366208427439,0.026908499193653047,0.09902877206316439,0.0483658207798401,0.0918972223167631,0.7048174345974398,0.17325011766855192,0.9355901874045096,0.08532193566460271
imagenet_sketch,50,llamagen,closest,50889,0.06338789678083026,0.030082530954103397,0.01236252852809324,0.008491754955858542,0.9715442981168351,14.102195902157309,0.1897364047728164,0.14463225802334356,0.08293614770821972,0.3181140055226048,0.14496173090285053
imagenet_sketch,50,llamagen,orthogonal,50889,0.3092205743693676,0.06449252821611631,0.05678189727539726,0.022046767894091844,0.18455018459726388,0.065005402468316,0.1785892707209075,0.36744715061814537,0.13692851233591277,0.5818221735653927,0.16874772092159895
imagenet_sketch,50,llamagen,random_uniform,50889,0.312710448714308,0.0637731606198645,0.05669468049692963,0.021739280611664084,0.18289170697626844,0.06493053663076609,0.1771685030022552,0.36857373993920456,0.13830072609542654,0.5876712448520383,0.17074854558821148
imagenet_sketch,50,llamagen,farthest,50889,0.5354084434587101,0.10612889844778847,0.07226523961644828,0.03017473973371206,0.13822233403236756,0.05936774174254176,0.1335322211338076,0.5092381008709792,0.16438281362724713,0.7395801411608385,0.16216525946042437
imagenet_sketch,50,vqgan,closest,50889,0.07749615391252478,0.03663390319534307,0.019373087813367194,0.014194496368425801,0.2578173404124805,0.15603854880058668,0.2404528577441966,0.2368226836061362,0.13798800630106378,0.46622424705346427,0.20402330177707725
imagenet_sketch,50,vqgan,orthogonal,50889,0.3297424732047649,0.056024476058394196,0.050241193450035145,0.0270728689253461,0.15417541061170947,0.08249742560634565,0.1441151608831779,0.4684404675894701,0.17488149358533436,0.7028005366121097,0.17678929400522847
imagenet_sketch,50,vqgan,random_uniform,50889,0.31049139924719155,0.062180458875053,0.05787522725909934,0.027698495287226278,0.19432572589298747,0.10288528738081495,0.1753787376614743,0.42845850007667774,0.169341098016318,0.645385908951367,0.20302551878389546
imagenet_sketch,50,vqgan,farthest,50889,0.6862089343130108,0.10260682570591526,0.09078272056344719,0.03922544573077763,0.13611298433938265,0.06415330490035116,0.1291494409509737,0.7812863125759406,0.1602781673652039,0.9411165945562988,0.08549194873488833
imagenet_sketch,75,llamagen,closest,50889,0.05545318404235383,0.026878620006011468,0.014744618026428966,0.011517353322111365,2.4306723698369357,45.70689518213654,0.2463229701796356,0.15306585655991212,0.10589924080720053,0.30995063061983297,0.17352362946967193
imagenet_sketch,75,llamagen,orthogonal,50889,0.3720981086591268,0.06926244643992362,0.0979250566692959,0.037735955737989144,0.26667293417938326,0.09922067731501698,0.2562508703007274,0.4162502308651325,0.16689068537400756,0.5848806706957804,0.185577214425563
imagenet_sketch,75,llamagen,random_uniform,50889,0.38010542977289014,0.07029656687094286,0.09750714613239053,0.037525673798298013,0.2612690977593055,0.09978760218936945,0.2511844612558307,0.4185672530415707,0.17109098867610192,0.5924144517347327,0.18978390969314402
imagenet_sketch,75,llamagen,farthest,50889,0.6294510264019233,0.11000380270375272,0.12336154735578414,0.05907200095597195,0.2016989081835246,0.10016479844402948,0.1910430330164155,0.5846478445520172,0.20881648125345084,0.7618289699547541,0.1960908542355983
imagenet_sketch,75,vqgan,closest,50889,0.06889409890881251,0.033096083312517385,0.022265048220062623,0.018586968919400062,0.3212804158888593,0.21019394722681728,0.2948067033872929,0.24480282411420207,0.16727258243004206,0.44796352203019973,0.23630018569484987
imagenet_sketch,75,vqgan,orthogonal,50889,0.3853955905986684,0.060682185027461866,0.07498385935683692,0.04103190177584358,0.1992520982770132,0.11173380067764752,0.1846158055738262,0.4935188082183482,0.19691138895478452,0.6877631660817929,0.202186827796815
imagenet_sketch,75,vqgan,random_uniform,50889,0.37271690140615815,0.06895106842069697,0.07700966830875351,0.04073610450308641,0.21774176810466309,0.12987542185011824,0.1944554768665025,0.4345030242913956,0.1837944938198133,0.6138868549712418,0.2260348886122557
imagenet_sketch,75,vqgan,farthest,50889,0.7472096477840099,0.10079154558711156,0.1667867238102878,0.06365181124657315,0.22816841176969305,0.09334982587840226,0.2198696285357849,0.855440868099476,0.12472892939971614,0.9453964532439696,0.07861988156176254
imagenet_val,10,llamagen,closest,50000,0.06672753542329259,0.025508243583945173,0.00808174124100991,0.003075338626379711,1.6750450986897691,345.0057539731015,0.12246926560629065,0.07983371729999134,0.03309976394746425,0.1980702221821477,0.07744882458114641
imagenet_val,10,llamagen,orthogonal,50000,0.20967424916296618,0.05597884206894122,0.023210142714276613,0.00650830547679581,0.11519853756091415,0.03415406213253823,0.11097221774842064,0.19780471858756632,0.05723672877295389,0.39368297442835615,0.10417870197677362
imagenet_val,10,llamagen,random_uniform,50000,0.2078086040779681,0.05763345861364797,0.022965613379639663,0.006544768141162997,0.11536948533152835,0.03477440855226153,0.1110448477820831,0.19632852121548,0.05781925450272522,0.3948408197555782,0.10671213739969168
imagenet_val,10,llamagen,farthest,50000,0.32883287433363073,0.0919511851422307,0.029781699993140846,0.007821637127934355,0.09518008626204172,0.02945264337234651,0.0911678061270012,0.2563174675409684,0.06733046756810963,0.4940972812302869,0.1158994961008202
imagenet_val,10,vqgan,closest,50000,0.06963779308390182,0.028181367677503903,0.011460499268210547,0.004961130561018596,0.18350747525370897,1.6611481064135474,0.16554994847687346,0.1100998626264288,0.050366216528012694,0.26198917472752054,0.1104636451711246
imagenet_val,10,vqgan,orthogonal,50000,0.22677038182108727,0.05569104671067021,0.029047499058788676,0.009710970925905558,0.1316948290830606,0.0428523743013224,0.1260750737579024,0.25790508454323213,0.08269497582877024,0.48483140431165606,0.12831901667016754
imagenet_val,10,vqgan,random_uniform,50000,0.18661669600002212,0.05754260287360904,0.02973007569941874,0.0105470846992513,0.1693192622716733,0.06543987401199317,0.15852519375717744,0.23513200495427863,0.07897379078478152,0.4256670095378437,0.12462083270084909
imagenet_val,10,vqgan,farthest,50000,0.5918778068689635,0.10394125547831141,0.053202381138689324,0.013871384266824417,0.09176499889298191,0.026577464906495357,0.0883441242923319,0.5489018016754245,0.144295553848582,0.808268506449953,0.11422485126977434
imagenet_val,25,llamagen,closest,50000,0.06728211642591587,0.022696435371049536,0.012931830052393161,0.00494345926336033,0.1990814313643086,0.09081035493070795,0.19275218618530246,0.10495698972455202,0.042050208804171665,0.2333843267012181,0.08512718917172199
imagenet_val,25,llamagen,orthogonal,50000,0.22190314925671978,0.04881417853007554,0.03892943126598197,0.010359224994601918,0.17950192045388325,0.04715538814840373,0.17556414962028066,0.25133360840761326,0.06430292699800635,0.44135028279898864,0.10285969246407473
imagenet_val,25,llamagen,random_uniform,50000,0.219676117094025,0.04963425707873619,0.03846901235947219,0.010306578883346995,0.17953366843586566,0.04789360537000794,0.17521820614104033,0.2497168337303098,0.06476135471404602,0.44302156429686496,0.10504876768293862
imagenet_val,25,llamagen,farthest,50000,0.35567813825660094,0.08594686544438089,0.049631156495253036,0.012754399386839619,0.14455533442094762,0.041043726742962056,0.14084084992448054,0.3276609587464231,0.07684676079737407,0.5538525173003499,0.1130076389962504
imagenet_val,25,vqgan,closest,50000,0.07209910623800435,0.025438367010096552,0.019026469416668173,0.00812556201581183,0.26901846110047867,0.09869445019269063,0.26338009140276697,0.14764742537102613,0.06454713111240917,0.31077482341827184,0.12033913677391601
imagenet_val,25,vqgan,orthogonal,50000,0.23904108441904492,0.04699318832649179,0.04551115515419904,0.014300492269100873,0.1935495511561557,0.05885316381185131,0.18721650795081465,0.3170479164084229,0.09058394220856773,0.5372676325947222,0.1251232683872052
imagenet_val,25,vqgan,random_uniform,50000,0.19976443850944658,0.05351585662044321,0.05032233644174004,0.01694870323354875,0.26426312482444986,0.09722459113109193,0.2490532488843659,0.30212960529350974,0.09133352175366209,0.487441253075464,0.12873998768655207
imagenet_val,25,vqgan,farthest,50000,0.6072305908717979,0.08891617830183532,0.08993105100252384,0.021689605756284452,0.15015249586476095,0.038649306055010296,0.14712998819785755,0.6728830941941673,0.13393775708474137,0.8541886801129291,0.09635585607623524
imagenet_val,50,llamagen,closest,50000,0.06577078914607294,0.021128963273780506,0.019197049019758543,0.007485130750981605,0.2969278928196217,0.1093570099226573,0.2920237826511358,0.13082212244922609,0.053210276847526536,0.26571595742067744,0.09676982746964573
imagenet_val,50,llamagen,orthogonal,50000,0.22851628811537242,0.046028430091272714,0.060688371048097316,0.015447163956423995,0.26994186167967293,0.06399930900153965,0.2672671719884615,0.3032345210470816,0.07245774021279519,0.4816873693106091,0.10548501739589894
imagenet_val,50,llamagen,random_uniform,50000,0.2261807944257652,0.046475413140587174,0.05998364738307202,0.015332633084020235,0.26992623308532415,0.06470052181855662,0.2673252944082618,0.30233440470006745,0.07338500810664392,0.48466171171391287,0.10774858128487007
imagenet_val,50,llamagen,farthest,50000,0.37574937278278286,0.08310888392476773,0.07764931189683147,0.019633701369001968,0.21269732995207655,0.05656220867960261,0.21019253993492598,0.4025631499714437,0.08824242563497674,0.6098387821482203,0.11284368824156195
imagenet_val,50,vqgan,closest,50000,0.07220059928118325,0.023781662679230733,0.02827406500547964,0.012033738083955057,0.3924160779276339,0.10737574375258446,0.3900479407366984,0.1834681025233965,0.08027217718188244,0.3517493740179051,0.1328567598795715
imagenet_val,50,vqgan,orthogonal,50000,0.2465897009431027,0.04274728486363916,0.0671222838096424,0.019705383015874458,0.2758067844050833,0.07840204055337685,0.2704310406578535,0.3729177450884972,0.09877035899463672,0.5823822328692492,0.1261249054132785
imagenet_val,50,vqgan,random_uniform,50000,0.20741005650608205,0.05207152308258864,0.07456318219613634,0.022797034420356938,0.3752227754925815,0.12608223027315701,0.359804741269958,0.35227043340705394,0.10228024142085976,0.5315082739353948,0.14039589689736895
imagenet_val,50,vqgan,farthest,50000,0.6107473126206121,0.08420830961830265,0.13958655506553846,0.028683099716756488,0.23143631122112684,0.05050156120391682,0.23108892718506385,0.7459879264605721,0.12078633342959322,0.875674547561247,0.0865855158554112
imagenet_val,75,llamagen,closest,50000,0.06506710271904578,0.02017311910940187,0.02734105388554139,0.011433467172770967,0.4221697427452582,0.1255815240616283,0.4180430350074061,0.15692235491020895,0.06909491978361817,0.2907538113647181,0.11568160661770369
imagenet_val,75,llamagen,orthogonal,50000,0.24221005370407725,0.048661764133589955,0.09190862643553786,0.025357602485753528,0.38527159704742553,0.09651386543872682,0.3847105516004661,0.35231329998794264,0.08817866144738194,0.5095361290296269,0.11548440400864823
imagenet_val,75,llamagen,random_uniform,50000,0.23992624717668692,0.04936269940410133,0.09067629888719374,0.025168471241432188,0.38422312282193366,0.09723280445730598,0.3834098877774526,0.3520952974842309,0.08964068343746513,0.5127437090949362,0.11730355516457151
imagenet_val,75,llamagen,farthest,50000,0.4103703107233592,0.08748303652979614,0.12036833997464286,0.03518110862790481,0.30114020577213474,0.0878612619064779,0.298512832462358,0.47719651517267664,0.11177830758038604,0.6519133244112173,0.12352878342767636
imagenet_val,75,vqgan,closest,50000,0.07358683017576581,0.02301574969711497,0.03945152449003269,0.01727887295945732,0.5321515390965804,0.1526123883264643,0.5305996554431449,0.21588923674266608,0.10002916340600092,0.37829005903719715,0.1518808310942251
imagenet_val,75,vqgan,orthogonal,50000,0.2610303007240164,0.04283920461560028,0.0973501447416307,0.02877095352987337,0.37852948662667024,0.11041009898823746,0.3751220927148755,0.42505675030954354,0.11272453342015938,0.6145045754657185,0.13666404865836015
imagenet_val,75,vqgan,random_uniform,50000,0.2202966870623266,0.055612656818750925,0.10383797808306605,0.030133844297996572,0.49145871318823137,0.15157758881035674,0.4849271918548348,0.38156786161020617,0.11258991990519598,0.5397397636263231,0.15270279556901575
imagenet_val,75,vqgan,farthest,50000,0.6126466128523248,0.0862471014696208,0.2134162783913812,0.048546888457794896,0.35324530605327825,0.08457860867612989,0.352489435033148,0.7796100466148674,0.11737581114469735,0.8759976063609146,0.0885346486394722
imagenetv2,10,llamagen,closest,10000,0.06660422404536624,0.024961105079171493,0.0079142652267923,0.0029579550936898137,0.12754234164492126,0.0490518876854766,0.12046200961452039,0.07789608588103676,0.03143606379919164,0.19181224183815945,0.07306883998840646
imagenetv2,10,llamagen,orthogonal,10000,0.21014717196860852,0.05537654622070375,0.022763527279546482,0.006308657739560309,0.11264192371596794,0.03295211522432402,0.10875301856743194,0.19366148581801,0.054654500051326604,0.38648770662723814,0.1010742821823568
imagenetv2,10,llamagen,random_uniform,10000,0.20896592204323539,0.057478882689790116,0.022567289190396866,0.006361163021682803,0.11271807648912822,0.033577916393874814,0.10834624450075395,0.19247062299808507,0.055163265891038336,0.388866070969045,0.10376238403143317
imagenetv2,10,llamagen,farthest,10000,0.33374713953347507,0.09143465076698222,0.029277357834959605,0.007656204610859508,0.09192515647677744,0.0278390252463439,0.08778099738093739,0.2532527300969513,0.06526664117191976,0.49137004039539434,0.1155595773797381
imagenetv2,10,vqgan,closest,10000,0.06925589697838926,0.02744803627438195,0.01112758069494909,0.004735707481929285,0.16923929134343033,0.061234434017038035,0.16215084656393086,0.1055385893532914,0.047092187924495196,0.24932115796124982,0.10370361256497916
imagenetv2,10,vqgan,orthogonal,10000,0.22668146685278756,0.05555738960534214,0.028240581273821345,0.009231941877273494,0.12818305554814297,0.04098786958385009,0.12357871772369475,0.25021061882384144,0.07866446962670039,0.4736564013823981,0.12374923517241683
imagenetv2,10,vqgan,random_uniform,10000,0.18725395631713215,0.05702246721960218,0.028911389940172273,0.009941758234834248,0.16384018417903135,0.06089490645332532,0.15440658629334703,0.22755811443004773,0.07488779601037329,0.41212520198490377,0.1192143361784301
imagenetv2,10,vqgan,farthest,10000,0.592679976851491,0.10293725931114248,0.052073414651853625,0.013367202772254044,0.08966688126666356,0.025692051892912068,0.08634954293601055,0.5426147898036247,0.14415334934666318,0.8064094730892081,0.11366909567243608
imagenetv2,25,llamagen,closest,10000,0.06690842910586493,0.022294279616028714,0.012635549513418713,0.0047521020815268,0.19531566331307265,0.059082128820150744,0.1896040928946479,0.10168937502971455,0.039911423287989856,0.22488728974371733,0.08121059967448058
imagenetv2,25,llamagen,orthogonal,10000,0.22273701466606366,0.04888475727110068,0.03834721166937759,0.010035709314842519,0.17605126958682313,0.04490861996663347,0.17274156366338955,0.24645737641388887,0.06212424699814452,0.43322465486399153,0.0998971419710666
imagenetv2,25,llamagen,random_uniform,10000,0.2205520376308406,0.04998335520952542,0.03787330673162361,0.010019565464514811,0.1760625418134304,0.04614492611252674,0.1718176914740705,0.2449932811738174,0.06271834881082852,0.4357800191041623,0.10231947656589555
imagenetv2,25,llamagen,farthest,10000,0.36208003500677893,0.08583057625631506,0.049059583824862946,0.012521518736100572,0.14003066510336176,0.038616346086404824,0.1369295696874333,0.3250717377567063,0.0761998148628803,0.5522166464321422,0.11220462774368377
imagenetv2,25,vqgan,closest,10000,0.07150995983085882,0.024851869104746398,0.018451881346847783,0.00770849923082432,0.2628152348459238,0.07681718891139296,0.25776522004893054,0.14072720012321854,0.059843532352948724,0.2959605044780458,0.11274022255181126
imagenetv2,25,vqgan,orthogonal,10000,0.2386898957787487,0.04738382174277449,0.044361926499496766,0.013630836676109351,0.1891265915988748,0.056329527267731896,0.1841069238164223,0.3081446645035292,0.08673289096991703,0.524941599893621,0.1221291251901758
imagenetv2,25,vqgan,random_uniform,10000,0.20045614145832935,0.053372880072114375,0.048992029429217106,0.01587787173946263,0.2562140483118368,0.09065207114371261,0.24242286748465613,0.29138577255575326,0.08580324126856863,0.47040345819514895,0.12278039825678469
imagenetv2,25,vqgan,farthest,10000,0.6087666275497535,0.08856926432273407,0.08837137306728152,0.021089942912265347,0.14718829521982577,0.03750995506807367,0.1447084873127035,0.6675334319336855,0.1338298884396502,0.8511885160453485,0.09532991266188186
imagenetv2,50,llamagen,closest,10000,0.0651987297629311,0.020850272969168592,0.01871085825981371,0.0071384465144272,0.2919614681602601,0.07964969116164827,0.2879033827650906,0.12606839620235502,0.05025297807618153,0.25531129269059133,0.09233850736994259
imagenetv2,50,llamagen,orthogonal,10000,0.22945281435036932,0.046070653607478376,0.06017863670841873,0.01498425571407662,0.26648872591784273,0.06121784950915524,0.2648135771052472,0.2982526428180477,0.07089697673199634,0.47331533247523405,0.10264243583197949
imagenetv2,50,llamagen,random_uniform,10000,0.22772378293100992,0.04673853339503794,0.059464534151271946,0.014981499470996903,0.26569943450247874,0.06217650996202666,0.26328835807666995,0.298223310731343,0.07173376673487761,0.47813943224436845,0.10540146598689003
imagenetv2,50,llamagen,farthest,10000,0.3835651743895498,0.0828421093248638,0.07739571248935294,0.01930713645246921,0.20741052760836998,0.05402905962901,0.2061030934232718,0.4016898505348477,0.08792746347373165,0.6099192246796511,0.11143901842624772
imagenetv2,50,vqgan,closest,10000,0.07146155333713711,0.02335906924539531,0.0274972436704379,0.01139854663302089,0.3859379534303229,0.10192063279663138,0.38456762753414486,0.1744379459769737,0.07454493149330417,0.33439618903539853,0.12497385300555815
imagenetv2,50,vqgan,orthogonal,10000,0.24651614006286732,0.04317886320259557,0.06583873993200583,0.018752375006417285,0.2709237903765368,0.07500731145585819,0.2669336143705987,0.3638146740571771,0.09489973026673242,0.570820840644595,0.1232356361015258
imagenetv2,50,vqgan,random_uniform,10000,0.20853509631386632,0.051923937813209864,0.0733452961494092,0.021528904910992103,0.36725701686991485,0.11968153218618896,0.3531740612336597,0.34063678926483454,0.09645609269984372,0.5125500830852181,0.1343135527018828
imagenetv2,50,vqgan,farthest,10000,0.613342342887239,0.08391393673101351,0.13839860196992612,0.02812689932262814,0.22852260867479263,0.04931842271452429,0.2285902737813077,0.74443470319569,0.12043370714470393,0.8726723329219156,0.08553690790099756
imagenetv2,75,llamagen,closest,10000,0.06440060171337689,0.019898644917187406,0.026633581734282274,0.010981603070329343,0.4154828358765238,0.12168943745443551,0.4106156057021923,0.1509821848479192,0.06621482710748673,0.2786108429341732,0.11141918900827272
imagenetv2,75,llamagen,orthogonal,10000,0.24361686878686056,0.04964465065778758,0.09153386672331887,0.025009891149550868,0.38150295915063687,0.09414764859379726,0.3808790228195389,0.347894181928113,0.08639045841740116,0.5025057104267411,0.11363176344589143
imagenetv2,75,llamagen,random_uniform,10000,0.24124794194352925,0.05004973062021785,0.09002836805337762,0.024888196277818075,0.37917928084660535,0.09491254047343192,0.378211093602424,0.34822895290424666,0.08865269003728403,0.5071368259900333,0.11737261732277382
imagenetv2,75,llamagen,farthest,10000,0.41915190058330043,0.08742721269214897,0.12045099693290492,0.035019008440057696,0.29478147746592065,0.08560276947026119,0.2926022247489344,0.4778774217000975,0.11248561080436885,0.6532734713699034,0.1233388602212841
imagenetv2,75,vqgan,closest,10000,0.07282564755518586,0.022632961936767174,0.038494621953144396,0.016567819428825337,0.5250019415828047,0.1475745903680422,0.5227255544234879,0.2051705835491418,0.09425344446552493,0.3597420561531401,0.14587514829611242
imagenetv2,75,vqgan,orthogonal,10000,0.26161546644964645,0.04373810247305517,0.09630395452811007,0.028082503452473595,0.37385980528699336,0.10760080429862744,0.370665356918939,0.41712498378359514,0.10977306545475567,0.6050981895479419,0.1353385233765519
imagenetv2,75,vqgan,random_uniform,10000,0.22223609378236114,0.05612272708634979,0.10342113497886278,0.02912592464525434,0.4855427941852807,0.1466039588029575,0.4796694882390069,0.37214284723357105,0.10700562829175582,0.5269643185191767,0.14903106147566433
imagenetv2,75,vqgan,farthest,10000,0.6161377557558662,0.08640610830599772,0.21282654903398007,0.048187672595632024,0.35009929277537455,0.08253497319455698,0.3504332462265488,0.7793246651786565,0.11600537261422357,0.8738857214172385,0.08727859857911878
