model,mode,distance_lo_px,distance_hi_px,n_images,mean_pixel_rmse
LlamaGen,closest,0,16,500,0.033301785924471916
LlamaGen,closest,16,32,500,0.01632840026449412
LlamaGen,closest,32,48,500,0.01007613575272262
LlamaGen,closest,48,64,500,0.007602511839009821
LlamaGen,closest,64,80,500,0.006254265391617082
LlamaGen,closest,80,96,500,0.005031713938369649
LlamaGen,farthest,0,16,500,0.12309115339815617
LlamaGen,farthest,16,32,500,0.0613634494356811
LlamaGen,farthest,32,48,500,0.039674438854679465
LlamaGen,farthest,48,64,500,0.030129573105834424
LlamaGen,farthest,64,80,500,0.025142491952050476
LlamaGen,farthest,80,96,500,0.02134919347567484
LlamaGen,orthogonal,0,16,500,0.09184719696640968
LlamaGen,orthogonal,16,32,500,0.048599616732448336
LlamaGen,orthogonal,32,48,500,0.03185443473048508
LlamaGen,orthogonal,48,64,500,0.024351771825924514
LlamaGen,orthogonal,64,80,500,0.02016243591485545
LlamaGen,orthogonal,80,96,500,0.016673381090397014
LlamaGen,random_uniform,0,16,500,0.09088357156515121
LlamaGen,random_uniform,16,32,500,0.048098034594208
LlamaGen,random_uniform,32,48,500,0.03142045013420284
LlamaGen,random_uniform,48,64,500,0.024045678346883505
LlamaGen,random_uniform,64,80,500,0.019883578839711844
LlamaGen,random_uniform,80,96,500,0.016442548472201453
VQGAN,closest,0,16,500,0.0429918709024787
VQGAN,closest,16,32,500,0.02512155809579417
VQGAN,closest,32,48,500,0.016444361030124127
VQGAN,closest,48,64,500,0.012803147302707657
VQGAN,closest,64,80,500,0.010424894637195394
VQGAN,closest,80,96,500,0.008494585496257059
VQGAN,farthest,0,16,500,0.24828125575184823
VQGAN,farthest,16,32,500,0.09488881627842784
VQGAN,farthest,32,48,500,0.0666142776478082
VQGAN,farthest,48,64,500,0.05490145306661725
VQGAN,farthest,64,80,500,0.04834312244830653
VQGAN,farthest,80,96,500,0.043350458374246954
VQGAN,orthogonal,0,16,500,0.10790448980033397
VQGAN,orthogonal,16,32,500,0.05919560962542891
VQGAN,orthogonal,32,48,500,0.0383313808105886
VQGAN,orthogonal,48,64,500,0.02877920782659203
VQGAN,orthogonal,64,80,500,0.023395074640633538
VQGAN,orthogonal,80,96,500,0.01944322339608334
VQGAN,random_uniform,0,16,500,0.10573295217379927
VQGAN,random_uniform,16,32,500,0.06182776447758079
VQGAN,random_uniform,32,48,500,0.04414253201894462
VQGAN,random_uniform,48,64,500,0.03750482529122382
VQGAN,random_uniform,64,80,500,0.033690740262158216
VQGAN,random_uniform,80,96,500,0.031179594566114247
