dataset,fraction_label,model,mode,n,psnr_full_mean,psnr_full_std,psnr_patch_mean,psnr_patch_std,ssim_full_mean,ssim_full_std,ssim_patch_mean,ssim_patch_std,lpips_full_mean,lpips_full_std,lpips_patch_mean,lpips_patch_std
imagenet_sketch,10,llamagen,closest,50889,27.827121759013167,6.207131370473625,,,0.9530677122727659,0.021451978844163767,0.6660741775371168,0.15102544993454467,0.022563663570061326,0.009623696319113875,0.1000555795580708,0.04370155910911409
imagenet_sketch,10,llamagen,orthogonal,50889,19.3395194267606,2.7530574012517475,10.43894907523534,2.769695213920873,0.8578717944937767,0.032659312049218577,0.14425904212226295,0.10853538066477823,0.11497889275507646,0.01887716800455734,0.535744900013694,0.08742177022200441
imagenet_sketch,10,llamagen,random_uniform,50889,19.27934688112341,2.4962480322479736,10.359332590703714,2.5262976546582525,0.8593132325718348,0.032069566381378686,0.15200287052600014,0.10665192027662411,0.11431290608666388,0.019096042425413167,0.5312187034257465,0.08490666641496004
imagenet_sketch,10,llamagen,farthest,50889,15.747844396495644,1.8181921303674697,6.526995723239462,1.9354908594242162,0.8309892454429662,0.031801657313607054,0.037526828421251684,0.04875435554906701,0.14977941528241154,0.027767513991328027,0.650534178574477,0.10457771890231578
imagenet_sketch,10,vqgan,closest,50889,25.516160697418186,4.668377406237297,,,0.9360569132817596,0.027191547495312256,0.6097881193209174,0.15953340372010305,0.03228684445143743,0.01296699276623741,0.13088329772692103,0.05598541535548253
imagenet_sketch,10,vqgan,orthogonal,50889,17.608035437647438,2.1748660198005703,9.168418381883363,2.0530460198259064,0.8199151578115188,0.046210214551514944,0.09487699712363526,0.07659588663515693,0.1398935340294102,0.023880778863788973,0.5567989717049608,0.08831157001753381
imagenet_sketch,10,vqgan,random_uniform,50889,19.126257442921737,2.431493060578539,11.086625606199126,2.258572569975816,0.8317503346982972,0.04892597246442107,0.18282142713708438,0.12352300572856123,0.13950079704437138,0.023468868704936006,0.6350440654422186,0.09008150746343437
imagenet_sketch,10,vqgan,farthest,50889,12.297532504755829,1.3164820377288886,3.247704775767749,1.4761128172986706,0.7771322749258341,0.05120859041662205,0.013623196552159225,0.03554469841279082,0.20674218066834188,0.0346482791950829,0.735103550282232,0.08651994213797934
imagenet_sketch,25,llamagen,closest,50889,24.24163472586396,5.917271838397095,,,0.8999396940520973,0.04483885166082672,0.6771376854571439,0.13816542090744507,0.05014565396888442,0.018769412680710664,0.12144739166967698,0.04521503372550999
imagenet_sketch,25,llamagen,orthogonal,50889,14.918172839542924,1.978490699692172,9.489043201425474,1.973069842502408,0.705460374628081,0.056089237895174664,0.14472040293283908,0.08230841614287902,0.26178031648078415,0.0293103689765882,0.6230626060442213,0.0653029173338631
imagenet_sketch,25,llamagen,random_uniform,50889,14.843580243406356,1.8787129580723365,9.405091480458928,1.8843865051447166,0.70683537347449,0.05760283198135873,0.1504122043521854,0.08096120876326321,0.26063865477666465,0.03093032507681894,0.6199100165080493,0.06673874488661355
imagenet_sketch,25,llamagen,farthest,50889,11.011550886417464,1.6839211767786326,5.416422406845468,1.742855233252551,0.6560602442623906,0.058507616285044785,0.039244250087989374,0.03928867006502536,0.3223903195519599,0.04287455705943568,0.7238506099826337,0.0828840208992566
imagenet_sketch,25,vqgan,closest,50889,22.189168120911624,4.24329294387819,17.42119728701401,4.541639409884815,0.8662416988681381,0.05590984831248772,0.6122664803282806,0.14860082729966848,0.07347682846417306,0.0259831295449071,0.1710317098922683,0.06112687035480478
imagenet_sketch,25,vqgan,orthogonal,50889,13.790235066552047,1.6948685889365742,8.562555584623494,1.6314953855979493,0.6573519116210939,0.07730035022378554,0.09719655817162763,0.0664842691069978,0.29513828120394386,0.03638668564083916,0.6404063245725378,0.0705967173859707
imagenet_sketch,25,vqgan,random_uniform,50889,15.195728479185451,1.9693674074892837,10.24602977435962,1.946817292454503,0.6903922578796503,0.09554754071210356,0.2572123492995466,0.14167282976425188,0.3222893235134773,0.03735368717535748,0.763231107116638,0.06999993999548
imagenet_sketch,25,vqgan,farthest,50889,8.321686425346211,1.161094837384745,2.856366695819966,1.2487950096786498,0.5769577595035251,0.08041657233233436,0.007978241236398334,0.02934175301483574,0.4171227901888792,0.04892582549155224,0.8095562653827448,0.08050616125124639
imagenet_sketch,50,llamagen,closest,50889,22.243234345006552,5.68204267170305,,,0.8441705479624979,0.0730505056728238,0.711164675020057,0.12865148740988525,0.0803648415077325,0.02935609901414431,0.12424705707822382,0.044592282781656695
imagenet_sketch,50,llamagen,orthogonal,50889,11.896304772296208,1.7009368961883093,8.963395609846017,1.7012321680794995,0.52090295497824,0.07840795014964148,0.16555844224252536,0.0780747578428303,0.4432482358202411,0.03892421262832536,0.6604621442087804,0.05436068467249155
imagenet_sketch,50,llamagen,random_uniform,50889,11.774218934568333,1.6636864945801777,8.834366649444426,1.6729000215939716,0.5222976513138293,0.08101106135329142,0.16753418926828226,0.07367319739000577,0.44357334886499294,0.040717279064892434,0.6601726095183881,0.05687425850787047
imagenet_sketch,50,llamagen,farthest,50889,7.682326195445231,1.549705609842854,4.657970786397947,1.5861119473335468,0.43773765619089094,0.06931176142834027,0.040535865663283085,0.030808043758726058,0.5359169867950957,0.05368536792630974,0.7698092898499062,0.07128801808351384
imagenet_sketch,50,vqgan,closest,50889,20.415253092374673,4.103114655847933,17.863800396132643,4.212431760032823,0.796582080486934,0.08962917956167529,0.6462760605119314,0.14217167286511925,0.12059364752872635,0.042179116699070596,0.18434540204884328,0.06340479735844391
imagenet_sketch,50,vqgan,orthogonal,50889,11.043776158853474,1.4448088166676485,8.16746648051648,1.4260041006006576,0.47129237221296205,0.0920857702938757,0.11647120859680637,0.07281552849507018,0.48079014497239086,0.044927592646645996,0.6821692053568796,0.06046952551790874
imagenet_sketch,50,vqgan,random_uniform,50889,12.276795959244035,1.745773212946795,9.537683096386779,1.7936129034423591,0.5574273918398757,0.12690778130094918,0.31580789695851497,0.14081939577246372,0.5456861403657041,0.046316044913013096,0.8139132656907068,0.06356034601350782
imagenet_sketch,50,vqgan,farthest,50889,5.3694899958617475,1.0719404568830089,2.4224770529053097,1.1317306289487996,0.3399293326329626,0.07486393719806451,0.0032163700002579955,0.02598109435927751,0.6493975398661793,0.05794391079555919,0.838453450002702,0.07335066616829121
imagenet_sketch,75,llamagen,closest,50889,21.037979199802663,5.375537853638092,,,0.7943454697052043,0.1016559346868765,0.7467232196026823,0.12159044667592148,0.10710221585110684,0.03979952940154547,0.12250112789636577,0.04487268696122988
imagenet_sketch,75,llamagen,orthogonal,50889,8.71257071574953,1.5081246656019387,7.693715039040443,1.5220547127525652,0.297718400475487,0.07343153254025682,0.1585213262119919,0.06342241997852939,0.6404677615204784,0.04495768740663721,0.7157192001218338,0.05081329186440578
imagenet_sketch,75,llamagen,random_uniform,50889,8.526667717446912,1.5333593129071568,7.502971084954728,1.5522565673956261,0.30049236677435587,0.07304198733505128,0.1610980749615985,0.05940132122246557,0.6393358795460463,0.046177029857499136,0.7145389832067097,0.052140142757548066
imagenet_sketch,75,llamagen,farthest,50889,4.529979994631971,1.3820062341025334,3.474613600905436,1.4046378699697075,0.18211968525216216,0.046223250949114156,0.031068992301239214,0.022553926533348236,0.7500431104493358,0.06067981238876945,0.8254328469499793,0.06649675877759763
imagenet_sketch,75,vqgan,closest,50889,19.39976675185792,3.9580728925252116,18.522774791797453,3.986750393549499,0.7375936535726928,0.12060192539877179,0.684703703464681,0.13817096732219206,0.1643320464720581,0.059768414739219435,0.18801196269107845,0.0672673783487058
imagenet_sketch,75,vqgan,orthogonal,50889,8.218397441284859,1.2808271260003572,7.192302459284969,1.2916472113786288,0.2715569661604115,0.0957283137247292,0.13949179816252275,0.09082216809276648,0.6638659267136562,0.04992330174081693,0.7287725414013834,0.05502492104043084
imagenet_sketch,75,vqgan,random_uniform,50889,9.1422672682755,1.6475213898749568,8.141752305445962,1.6948003619214445,0.44455689676712107,0.13323520133023364,0.3716392096111689,0.13680468139424568,0.7804946747992567,0.05170699558392542,0.8756217384589499,0.06237485707359727
imagenet_sketch,75,vqgan,farthest,50889,2.8996727523672083,1.0086631321226545,1.9001949183143745,1.0396393736666252,0.10099391769737881,0.03862500281254681,-0.0018671955119292645,0.02408275041094228,0.8192159229217021,0.06537562669908066,0.8491994179427282,0.06785412907208556
imagenet_val,10,llamagen,closest,50000,29.337518303236468,3.3694821896895326,,,0.9442808693516255,0.018767583044968512,0.6286964984637499,0.12432242526514381,0.02478076301336288,0.008811900986231923,0.1088667296385765,0.040850506993834336
imagenet_val,10,llamagen,orthogonal,50000,20.829944664006206,2.0830388562045163,11.946000248817157,2.2294262616880713,0.8382351042664051,0.03116117786090349,0.13935836899003654,0.09130841014193963,0.11649346313476562,0.01807672815870098,0.518849091796875,0.0807413062392358
imagenet_val,10,llamagen,random_uniform,50000,20.864218771295622,2.1611120060922078,11.974100600576767,2.322502067640096,0.8405827019619941,0.031418910209774775,0.14977651076158097,0.09622592033249901,0.11489842163085938,0.01853221727389299,0.5114023522949219,0.08134387025266998
imagenet_val,10,llamagen,farthest,50000,17.58351076738941,1.9755145047986067,8.417614265136525,2.1582997850428596,0.806616475148201,0.0312181999184387,0.03463729919221818,0.049008881105693756,0.15123609008789063,0.023499070086095322,0.6304487524414063,0.09961398835876384
imagenet_val,10,vqgan,closest,50000,28.30019497916606,3.5685879982442232,20.444096806480953,3.881083843689066,0.9292820106041432,0.023518358736697213,0.5977952934512496,0.12591046481171206,0.03387781080007553,0.011729724809425517,0.13923729942560195,0.05237278065095136
imagenet_val,10,vqgan,orthogonal,50000,19.652790565912312,2.0028560341227406,11.143801500812499,2.052595469313545,0.7988669280695915,0.03998610482377341,0.1097488584415361,0.07162664881728698,0.14099643310546875,0.02332742420645125,0.537071181640625,0.08754974691534045
imagenet_val,10,vqgan,random_uniform,50000,21.286064713858455,2.4004919262803734,13.405100907024714,2.6215447682805064,0.8057683935797214,0.05074272005305488,0.2103619534121855,0.13513113103856575,0.13625497894287109,0.025008019607579403,0.5979222131347657,0.103164978834951
imagenet_val,10,vqgan,farthest,50000,12.9458316910402,1.3023383282507324,3.959010765526503,1.3422757141975792,0.726447547864914,0.04896057270789465,0.050105138766956395,0.06042540299735824,0.221456767578125,0.030631291938243384,0.730229453125,0.08899951117618984
imagenet_val,25,llamagen,closest,50000,25.52930896704305,2.916641528581092,20.363229003079883,3.0248839126121276,0.8739861303329468,0.040264976766860736,0.6217053698611259,0.11550846956794422,0.056943931198120114,0.01705644797528781,0.13420060427069663,0.04026181568548163
imagenet_val,25,llamagen,orthogonal,50000,16.73678452764427,1.695542553345503,11.452629774348578,1.7613750686950027,0.6558665138441324,0.05367895568518192,0.12854899629877412,0.07087898207953537,0.2614333056640625,0.03006623915921216,0.5987360986328125,0.06724835834409752
imagenet_val,25,llamagen,random_uniform,50000,16.77087953502771,1.749181083164971,11.480834836818872,1.8236867146917743,0.6604831039756537,0.054143231981846944,0.13827383670620616,0.07485199722906817,0.258410556640625,0.030447203068942573,0.5923180810546875,0.06751820689658103
imagenet_val,25,llamagen,farthest,50000,13.218934091969826,1.728208905251418,7.73722136005857,1.8267630074034675,0.6003128170022368,0.04959907613849756,0.027365108579521596,0.037047078229941154,0.323833271484375,0.04001949260475089,0.7019480810546875,0.08582816819983038
imagenet_val,25,vqgan,closest,50000,24.602735316784834,3.099189367333204,20.001637822711462,3.1630388315189104,0.8415681423628331,0.04866403729387,0.5791058937624097,0.11826023692389331,0.08002363453865051,0.022738257671989132,0.18233522084712983,0.05302592221323577
imagenet_val,25,vqgan,orthogonal,50000,15.771223377057323,1.591341843756714,10.664759464486414,1.6033308896799439,0.6036379130455851,0.061327027007314024,0.09836221897205713,0.054685079993146014,0.294944423828125,0.0366853763859489,0.6140924560546875,0.07491445396763201
imagenet_val,25,vqgan,random_uniform,50000,17.379561826298183,2.0211785538901967,12.834045839490676,2.166263246932384,0.6090864226216077,0.09698985294294715,0.23233473312467334,0.13423297631559786,0.32142336059570314,0.040792231539526186,0.7491041967773437,0.0817684542183341
imagenet_val,25,vqgan,farthest,50000,9.028045873061794,1.109307160048458,3.735026776568635,1.1348509548076484,0.47428286198973657,0.07265604131826829,0.049567331531737056,0.053216265681273654,0.4399339892578125,0.04711024724545926,0.790445537109375,0.07766400053428534
imagenet_val,50,llamagen,closest,50000,23.126577077444164,2.7121578757396967,20.44026657797825,2.7495600055561558,0.7843218703842163,0.07018362212760405,0.6289698322439193,0.1148035308423035,0.09677129650115966,0.027043733964465595,0.14440700902581216,0.039827365203917824
imagenet_val,50,llamagen,orthogonal,50000,13.993578570629081,1.5349395308424865,11.240861600025513,1.5749171072668176,0.43343006855636834,0.07188045363646488,0.12855612079365641,0.06344610460651781,0.4422509619140625,0.04269893776691426,0.6379557421875,0.06159868341614163
imagenet_val,50,llamagen,random_uniform,50000,14.026562016418614,1.5764010449047372,11.26977745668979,1.6205221670481258,0.4405217661009729,0.07331316616289088,0.13819214205808933,0.06748642537286124,0.438161220703125,0.04283444453335034,0.632664365234375,0.061490255999256026
imagenet_val,50,llamagen,farthest,50000,10.179156144976481,1.5957490143612618,7.279861637099014,1.6577808937488425,0.3520565063998103,0.05752981067870096,0.024444550194620385,0.030427463648089997,0.53218111328125,0.05663974557708321,0.742339619140625,0.08013646978474011
imagenet_val,50,vqgan,closest,50000,22.273731338982792,2.856585627838336,19.977094921895077,2.848648857692562,0.7341363110625744,0.08068026122100415,0.5794403785121441,0.11814206236582453,0.13949433839797973,0.03610806083626189,0.20564629445075988,0.05353060570701866
imagenet_val,50,vqgan,orthogonal,50000,13.093873780902582,1.3731747502836191,10.41465539264769,1.3857446083166136,0.37805932795062663,0.07300794003584439,0.09566121683275644,0.04801118484699324,0.47986068359375,0.05022822267850579,0.6554561962890625,0.06944130933027863
imagenet_val,50,vqgan,random_uniform,50000,14.815818737574217,1.8562593626538868,12.530663209483036,1.980084002371235,0.42463358793884515,0.13209181222797745,0.2576883156570233,0.13862203001010193,0.5571330883789063,0.057012340633566395,0.8225709716796875,0.0746127190461222
imagenet_val,50,vqgan,farthest,50000,6.416300365114839,1.048901564240882,3.6744986599588705,1.0757638362482034,0.242742714029476,0.06425409305312012,0.04910782901471384,0.05058968145891838,0.6715048486328125,0.06392653508267314,0.8279026953125,0.07558280748492648
imagenet_val,75,llamagen,closest,50000,21.419579712228952,2.5815196555653,20.534964505394065,2.5873829068036236,0.6867860315847397,0.1021200666255003,0.6308413876235485,0.11702288527457735,0.13763129470825194,0.03655971664832021,0.15401050201416017,0.040523578025926876
imagenet_val,75,llamagen,orthogonal,50000,11.763468770395114,1.4876101085842766,10.848074961502695,1.5099452170114562,0.21916299642041323,0.06465273121475466,0.12034356087992895,0.051490713152465124,0.6170549951171875,0.05599597900781885,0.6753404736328125,0.06145942014669853
imagenet_val,75,llamagen,random_uniform,50000,11.794037815291416,1.5277328929374405,10.87577453133517,1.5513034726179253,0.22819379797380415,0.06746526937457821,0.12989073411350135,0.05546219436259079,0.61281388671875,0.055607784048952676,0.6711233056640625,0.06104731006254748
imagenet_val,75,llamagen,farthest,50000,7.603679311660913,1.5464796577387658,6.613805044555027,1.5760079214069378,0.1220070582248113,0.04120718281856456,0.01899037735823003,0.0241169342596939,0.7229394091796875,0.07194016501604746,0.7823580517578125,0.07911122184056778
imagenet_val,75,vqgan,closest,50000,20.63440724132104,2.668397002635857,19.92451365500262,2.6516686683778192,0.6252460109513998,0.109784926669535,0.5732997316208481,0.1204411526661197,0.20595936767578124,0.0504389575827358,0.23010928085327148,0.056210075393032716
imagenet_val,75,vqgan,orthogonal,50000,10.913903364414017,1.2379879706153432,10.014206215355744,1.2551317471614967,0.1750019574016891,0.058620253348817326,0.08836878650465743,0.04053026424064671,0.6506888525390625,0.0649517816328211,0.6966071875,0.0691347960439019
imagenet_val,75,vqgan,random_uniform,50000,12.82385534232739,1.8580895869161327,12.083712158603914,1.9313817155643118,0.3077456780843809,0.13774651080396766,0.269346249137409,0.13804881035181343,0.7880865576171875,0.06810044664996494,0.8787906982421875,0.07461879667783401
imagenet_val,75,vqgan,farthest,50000,4.536027410469813,1.0732152446677699,3.6448727447763014,1.0945507811315847,0.09101987227564412,0.04666795323331848,0.046198674960503214,0.048400419751160245,0.83910095703125,0.07663062352412474,0.86088337890625,0.07595510403414765
imagenetv2,10,llamagen,closest,10000,29.412449585519852,3.3172843984395746,20.720433849207147,3.649404516521511,0.9454668277859688,0.01812694857738669,0.6337006786495447,0.1209847622673142,0.025271791172027585,0.008770640623831653,0.1098861792564392,0.04030163794907219
imagenetv2,10,llamagen,orthogonal,10000,20.853894611936717,2.0578782663472355,11.924831291508422,2.2044319387217644,0.8406513024568558,0.030245642478533116,0.1388247512543268,0.09004367908555409,0.11654544067382812,0.01791311559583549,0.5125003784179688,0.07902864076304122
imagenetv2,10,llamagen,random_uniform,10000,20.867030860416612,2.1477155602058273,11.929860054543804,2.3111754701705225,0.8429630166649819,0.03060879325315564,0.14947937893514748,0.09615222008491124,0.11490645751953125,0.018161113132380835,0.5049420532226563,0.07937105193266203
imagenetv2,10,llamagen,farthest,10000,17.504651846547382,1.9445900845102213,8.29066653819062,2.108464837948733,0.8090999486207961,0.030161969819752353,0.031006449770500644,0.047920529015893124,0.15132472534179686,0.023496091286029044,0.6251075561523437,0.09975602377594872
imagenetv2,10,vqgan,closest,10000,28.46340846065198,3.4966401939214893,20.515695583574665,3.786755042851969,0.9314653527498246,0.02255249534677185,0.6051533676937223,0.12236278988320752,0.034259110927581785,0.011721637867665384,0.13959178800582886,0.05164455577771604
imagenetv2,10,vqgan,orthogonal,10000,19.725222608588105,1.986922974290647,11.149112744583503,2.0502417143869605,0.8032553890824318,0.03833553172731691,0.11075693164538393,0.07107366265902519,0.14086204833984375,0.022733276682479632,0.53110830078125,0.08694319685798774
imagenetv2,10,vqgan,random_uniform,10000,21.371424848765436,2.3831439832492443,13.381994161455708,2.60561169822371,0.8102232324123383,0.04878589744955361,0.20992925770524884,0.1343073467277248,0.13738665008544923,0.024991343418265862,0.5963551025390625,0.10316517349309222
imagenetv2,10,vqgan,farthest,10000,12.957546627058521,1.2893146388524974,3.9366791033485917,1.3278862617716005,0.7319580840945243,0.047083676425102354,0.04788045888306003,0.0585914541417738,0.221627685546875,0.030291003997598445,0.7261990966796875,0.08918832370347946
imagenetv2,25,llamagen,closest,10000,25.62951660424849,2.8693401406227457,20.43552783324587,2.975902213271958,0.8767548770487309,0.03901515576456934,0.6279944186389447,0.11273750282400653,0.05771939811706543,0.016983431246646558,0.13569242477416993,0.0398537748012906
imagenetv2,25,llamagen,orthogonal,10000,16.742692321209873,1.693827332787446,11.430812994193944,1.755774417846468,0.6595894261807204,0.05192359988677306,0.12846642019005952,0.06952425724918092,0.26029254150390624,0.029993926784673997,0.5919685302734375,0.06770900531961314
imagenetv2,25,llamagen,random_uniform,10000,16.77214400985199,1.7563709453809053,11.454521591666273,1.8302709445921357,0.6642327146679163,0.052572117154737766,0.138559534354601,0.07393846325445402,0.257315576171875,0.030043164576599866,0.585683837890625,0.0672435584414645
imagenetv2,25,llamagen,farthest,10000,13.10040593324106,1.701398003348225,7.590564120019767,1.78749799874725,0.6033274462401866,0.047368482502560996,0.024000676127217607,0.0362261237079616,0.32365755615234376,0.04022699843359698,0.6980392333984375,0.08624774980544596
imagenetv2,25,vqgan,closest,10000,24.76140638914014,3.0259102479680213,20.100708590471612,3.087058897985566,0.8459326354503631,0.04690262244269913,0.587126850143075,0.11525462464613434,0.0806881477355957,0.022698360557968318,0.18318296966552736,0.05263580940427109
imagenetv2,25,vqgan,orthogonal,10000,15.82736737325218,1.5983797216092739,10.68252910836436,1.6185073532249514,0.6097307815879583,0.05884001975212303,0.09924867296874286,0.05395113267819788,0.2934930419921875,0.035667124527438324,0.607559228515625,0.07463557396597927
imagenetv2,25,vqgan,random_uniform,10000,17.44773487181332,2.0155762022739543,12.823102119273644,2.1621945026815954,0.6169008161783218,0.09326557112763888,0.23257893278002734,0.1325262535834412,0.32257628173828123,0.04026279948233044,0.748613720703125,0.0820788869543548
imagenetv2,25,vqgan,farthest,10000,9.024483043267548,1.1013221448702306,3.709993480590499,1.1266627520724581,0.48163348631560804,0.06970970097719582,0.04721401742183117,0.051696534750482824,0.4390927734375,0.04671218293871086,0.7857578125,0.07822174692045085
imagenetv2,50,llamagen,closest,10000,23.24974497098042,2.6836026444443513,20.544367960077405,2.7175427242702,0.7893341165602207,0.06809244637349944,0.6361506023585797,0.11216012838815219,0.09763191452026367,0.026836174639757307,0.14562207946777345,0.03965341026997381
imagenetv2,50,llamagen,orthogonal,10000,13.984985014736871,1.5355570957469085,11.218167758067263,1.5732811585276798,0.43727791140824557,0.06994969590061692,0.12882875977918734,0.06282241267770519,0.439646337890625,0.04187807244715563,0.6317772216796875,0.06095729561323355
imagenetv2,50,llamagen,random_uniform,10000,13.993704915255305,1.577025611771607,11.221639676420024,1.6193056397524122,0.444154841683805,0.07099956760266092,0.13817951718969265,0.06642944071906477,0.435770654296875,0.04194351483339989,0.6267416748046875,0.06095525620700267
imagenetv2,50,llamagen,farthest,10000,10.028542061722153,1.564411646393727,7.114577148900796,1.6210264164228445,0.3531698149144649,0.054723111098524846,0.020659390043295908,0.029756940061064698,0.5320445068359375,0.056347834875016226,0.740056591796875,0.07996457889199551
imagenetv2,50,vqgan,closest,10000,22.434081410085064,2.803106700619996,20.09934600902748,2.7963303657676892,0.7407250593483448,0.07833647749199642,0.5875884236633777,0.11563935713583993,0.1406825714111328,0.03647343981399619,0.2069640319824219,0.0539188890185436
imagenetv2,50,vqgan,orthogonal,10000,13.123669350980231,1.3882399689718479,10.423575257202138,1.406216770943371,0.3842301780007779,0.07056613993856756,0.09679757027998562,0.047763107556679396,0.4767234619140625,0.048840875845442604,0.6494456787109375,0.06845865502655712
imagenetv2,50,vqgan,random_uniform,10000,14.837387926658531,1.857363336417955,12.510430551295691,1.984118476443684,0.4314441207677126,0.12801966174510765,0.2586110900439322,0.13637776326171228,0.557419189453125,0.05525540181251173,0.822161474609375,0.07383463739072522
imagenetv2,50,vqgan,farthest,10000,6.3903794325092385,1.0403421373138984,3.639093225852403,1.0667227944515898,0.24718856366127726,0.06126148677193974,0.0468714165865138,0.049290589278417805,0.667299951171875,0.06176291632098066,0.82242158203125,0.07498107113212153
imagenetv2,75,llamagen,closest,10000,21.54905568344824,2.574321711906532,20.65488059312006,2.5780896160604994,0.6937402803182602,0.09929353624476697,0.6382836583286524,0.11407877178652397,0.13879834747314454,0.036233548890932714,0.1554145965576172,0.04023480022515699
imagenetv2,75,llamagen,orthogonal,10000,11.739485948696942,1.5086266906378643,10.819219812402956,1.5301399146915435,0.22161337792538102,0.06351086432022478,0.1209617183395661,0.051214298909198916,0.61265263671875,0.05441141623040967,0.669994580078125,0.06010289332511452
imagenetv2,75,llamagen,random_uniform,10000,11.770338465919199,1.5443554299957831,10.846568393345445,1.5662108179709182,0.23054913697540755,0.06638320436698338,0.1303819267588667,0.05507846840697196,0.608359765625,0.05379455238676548,0.6657318115234375,0.05950154229355385
imagenetv2,75,llamagen,farthest,10000,7.441028817201189,1.5129478402620458,6.4454870710429075,1.540652727486377,0.12041582414442668,0.03944833097473855,0.015369317458960688,0.024038923280681267,0.7212212646484375,0.0709280581668198,0.7801706298828125,0.07826999485156023
imagenetv2,75,vqgan,closest,10000,20.780362348872657,2.6439080302351115,20.05419633617448,2.6267817919117324,0.6331988427788019,0.10722798783613205,0.5813023433804512,0.11790354054824356,0.20822242431640625,0.05165956932973906,0.23239321899414062,0.05739756232457309
imagenetv2,75,vqgan,orthogonal,10000,10.911483904222871,1.262710978676563,10.005010147858306,1.2804372262305208,0.17829289384447033,0.057634986590804786,0.08918940436169501,0.04067704207563035,0.644948779296875,0.06308038442472405,0.690695166015625,0.06794509477076834
imagenetv2,75,vqgan,random_uniform,10000,12.793963948417195,1.8767650508292817,12.04239859667704,1.949808416301052,0.31047461167201396,0.13412675455612408,0.2701337976025417,0.13502920302700666,0.785207666015625,0.066038634476942,0.8760278076171875,0.0727943046931816
imagenetv2,75,vqgan,farthest,10000,4.495973775797015,1.0675680345922596,3.601230648580252,1.0873760295147368,0.09118019238364646,0.04547630309516355,0.044466395502195485,0.04786255342943673,0.831616796875,0.07381630091419272,0.854040283203125,0.07401598945655861
