model,prefix_tokens,imagenet_r_minus_imagenet,ci95_lower,ci95_upper
FlexTok,8,0.0,0.0,0.0
FlexTok,16,-0.017010084878325088,-0.020925680929984765,-0.012984454290506264
FlexTok,32,-0.011897575233078217,-0.01691340477984893,-0.00698936863556685
FlexTok,64,-0.007313035375103971,-0.01269365026585725,-0.002123199271144838
FlexTok,96,-0.005088567539464628,-0.009661416384043681,-0.0006834392349405197
FlexTok,128,-0.007087736717565907,-0.010490018740946669,-0.0037144287739115586
FlexTok,160,-0.003888708849625444,-0.006468611808348295,-0.0013802195704456476
FlexTok,208,-0.002352790911300029,-0.0037864708856406915,-0.0009548165743864084
FlexTok,256,0.0,0.0,0.0
One-D-Piece,8,0.0,0.0,0.0
One-D-Piece,16,-0.02286722415945064,-0.02642986242210263,-0.019310406910073158
One-D-Piece,32,-0.05095234211689659,-0.055178190752331116,-0.046703657575361546
One-D-Piece,64,-0.02969064155591672,-0.03247130009707094,-0.02694486716088888
One-D-Piece,96,-0.012542656412790731,-0.01424033839652398,-0.010783940128588866
One-D-Piece,128,-0.00481862728828697,-0.005830512786715347,-0.003793176788357609
One-D-Piece,160,-0.0012670357122807063,-0.0019588086006725736,-0.0005626632812104238
One-D-Piece,208,-0.00013534512167812096,-0.0004528282494334651,0.00017704621131927055
One-D-Piece,256,0.0,0.0,0.0
