model,metric,prefix_tokens,mean_r_minus_imagenet,ci95_lower,ci95_upper
FlexTok,lpips,8,0.036560893384553476,0.031012653196700855,0.041946714414572324
FlexTok,lpips,16,0.03534623156860469,0.02994075335653501,0.0407600215951353
FlexTok,lpips,32,0.02396075771544129,0.018683789134081457,0.029297537167095586
FlexTok,lpips,64,0.01026129561529088,0.005338823236770845,0.015329462096789516
FlexTok,lpips,96,0.0018295318427743042,-0.002813362142213805,0.006556682018645253
FlexTok,lpips,128,-0.004485556821135107,-0.008925347926234829,-2.8518645680744006e-05
FlexTok,lpips,160,-0.009000474683765785,-0.013337213199471294,-0.004649303370520651
FlexTok,lpips,208,-0.013272734675812536,-0.017487015099424755,-0.009082955423767568
FlexTok,lpips,256,-0.01855717746377922,-0.02268503883026772,-0.014482391389968102
FlexTok,psnr,8,-0.6053239840030669,-0.7450144688785079,-0.46883381901621857
FlexTok,psnr,16,-0.7252829659461972,-0.8675938916110991,-0.58760919013381
FlexTok,psnr,32,-0.7803827758789058,-0.9285360260939596,-0.634533123142719
FlexTok,psnr,64,-0.8747094133853912,-1.0340972584843635,-0.7184966765952119
FlexTok,psnr,96,-0.9058061906814575,-1.0649691961145402,-0.7501957230639463
FlexTok,psnr,128,-0.9366309246540073,-1.1018728477752218,-0.7746535560333726
FlexTok,psnr,160,-0.920786831712723,-1.086486049944162,-0.7604310157871249
FlexTok,psnr,208,-0.9416423954010011,-1.1086059262704844,-0.7803197823309904
FlexTok,psnr,256,-0.8076323385238647,-0.9790618738412856,-0.6387950371050838
FlexTok,ssim,8,0.08209812970473435,0.07158474540033148,0.0922982117958647
FlexTok,ssim,16,0.0813316143695556,0.07060148185060243,0.0917868147578993
FlexTok,ssim,32,0.08620462213474099,0.0750491671653552,0.09704223880166397
FlexTok,ssim,64,0.08892262949449942,0.07746839483468099,0.10010974112610334
FlexTok,ssim,96,0.09050025384910404,0.07886165962438098,0.10174678347769195
FlexTok,ssim,128,0.09159559461548925,0.07991520850057712,0.10304938032006844
FlexTok,ssim,160,0.09240349699147048,0.08072502146121112,0.10383671377909368
FlexTok,ssim,208,0.09304279732666909,0.08162530762493611,0.10439353302666914
FlexTok,ssim,256,0.0939192004118115,0.08252223082127982,0.10535537871974518
One-D-Piece,lpips,8,-0.014996238781604908,-0.022009784242119648,-0.007481796811372043
One-D-Piece,lpips,16,-0.006145488678943363,-0.012650109352953728,0.0006190350543474844
One-D-Piece,lpips,32,0.004907692175731067,-0.00015542255547828861,0.010094125249478971
One-D-Piece,lpips,64,-0.004745449789147827,-0.008972612654459665,-0.0002661499768029958
One-D-Piece,lpips,96,-0.012331521647237243,-0.0162633144921204,-0.008333960385522796
One-D-Piece,lpips,128,-0.01578157251644879,-0.019441612480180323,-0.012101771226341365
One-D-Piece,lpips,160,-0.01738606969085522,-0.020956160017126236,-0.013838442365201197
One-D-Piece,lpips,208,-0.017942448415001852,-0.02138505748297555,-0.014524677343840019
One-D-Piece,lpips,256,-0.01802544967639261,-0.021446767010155614,-0.014644916391600867
One-D-Piece,psnr,8,-0.5301589571952822,-0.644013369655609,-0.4189389188253882
One-D-Piece,psnr,16,-0.5221426775455477,-0.6432227016651632,-0.40458888812541954
One-D-Piece,psnr,32,-0.543511146879196,-0.6681308813440797,-0.4215115796017648
One-D-Piece,psnr,64,-0.5403042313575742,-0.6742739733362192,-0.4101037110543245
One-D-Piece,psnr,96,-0.5317220378875731,-0.673311846261024,-0.39553947034835807
One-D-Piece,psnr,128,-0.5127209299087523,-0.6594670288181304,-0.3722684151649476
One-D-Piece,psnr,160,-0.48865658311843857,-0.6384802367115023,-0.3449481939888003
One-D-Piece,psnr,208,-0.5030365896224973,-0.6569570248174663,-0.3545354977822308
One-D-Piece,psnr,256,-0.502386459636688,-0.6566450606369973,-0.3513412631344799
One-D-Piece,ssim,8,0.07088137319949456,0.061573574198642775,0.07998845272318802
One-D-Piece,ssim,16,0.0715196606240235,0.061662066628772286,0.08117809315236979
One-D-Piece,ssim,32,0.07955295630659676,0.06882572937251244,0.08994316958863374
One-D-Piece,ssim,64,0.08880586252827202,0.07730748041170185,0.09998259578882251
One-D-Piece,ssim,96,0.09339132348038255,0.08157192786063998,0.10498003080129624
One-D-Piece,ssim,128,0.09620545669662539,0.0842551773080041,0.10793826098951018
One-D-Piece,ssim,160,0.09844998892666779,0.08653236292084912,0.11027663137115301
One-D-Piece,ssim,208,0.0994286724322476,0.08744117060018708,0.11133643885159865
One-D-Piece,ssim,256,0.0997642175256275,0.08775093854515346,0.11174863863788775
