kind,metric,prefix_tokens,flex_minus_one_d,ci95_lower,ci95_upper
endpoint_adjusted_domain_delta,lpips,8,0.05208885995354502,0.047164753286654586,0.05684303424112264
endpoint_adjusted_domain_delta,lpips,16,0.04202344803493471,0.03790465906910832,0.046105560113035605
endpoint_adjusted_domain_delta,lpips,32,0.019584793327096856,0.0172315214586584,0.021976851641326213
endpoint_adjusted_domain_delta,lpips,64,0.015538473191825322,0.013448103027751783,0.0176232133126806
endpoint_adjusted_domain_delta,lpips,96,0.014692781277398174,0.012986525823785197,0.016417076943357537
endpoint_adjusted_domain_delta,lpips,128,0.011827743482700317,0.01053774797537859,0.013166301184068724
endpoint_adjusted_domain_delta,lpips,160,0.00891732279447606,0.007948763073424925,0.009882239245789532
endpoint_adjusted_domain_delta,lpips,208,0.005201441526575945,0.0046687953962135376,0.005759219649432342
endpoint_adjusted_domain_delta,lpips,256,0.0,0.0,0.0
endpoint_adjusted_domain_delta,psnr,8,-0.23008085207939152,-0.2904413347095252,-0.16858861514210707
endpoint_adjusted_domain_delta,psnr,16,-0.10210559048652648,-0.15322011098384858,-0.04993951430559156
endpoint_adjusted_domain_delta,psnr,32,-0.06837424988746638,-0.11769231515407556,-0.017492070187330237
endpoint_adjusted_domain_delta,psnr,64,0.029159303140640223,-0.027424518504142764,0.0882879315018654
endpoint_adjusted_domain_delta,psnr,96,0.06883827390670774,0.01787197972655292,0.12039080648899074
endpoint_adjusted_domain_delta,psnr,128,0.11866411585807794,0.07909907763838767,0.15888157651901236
endpoint_adjusted_domain_delta,psnr,160,0.12688436970710754,0.09437827619671818,0.1601129259741306
endpoint_adjusted_domain_delta,psnr,208,0.13335992689132692,0.11163195956230164,0.15528823171377176
endpoint_adjusted_domain_delta,psnr,256,0.0,0.0,0.0
endpoint_adjusted_domain_delta,ssim,8,-0.01706177361905575,-0.020648596095399704,-0.013271808861482432
endpoint_adjusted_domain_delta,ssim,16,-0.015656970859348078,-0.01892551659778241,-0.012246744707201733
endpoint_adjusted_domain_delta,ssim,32,-0.012496682941960175,-0.01530198055277172,-0.009632902645113654
endpoint_adjusted_domain_delta,ssim,64,-0.005961784080043441,-0.008397806710568261,-0.00349742031152827
endpoint_adjusted_domain_delta,ssim,96,-0.002953947482537481,-0.004886821145894941,-0.0009572543311980569
endpoint_adjusted_domain_delta,ssim,128,-0.0012351550326799069,-0.002714402535962874,0.00029400019324616965
endpoint_adjusted_domain_delta,ssim,160,0.00020147482138126977,-0.0009356274938117732,0.0014241311576217387
endpoint_adjusted_domain_delta,ssim,208,0.0005408579917624586,-0.00011766485439613518,0.0012064577482081946
endpoint_adjusted_domain_delta,ssim,256,0.0,0.0,0.0
