model,dataset,metric,prefix_tokens,mean,ci95_lower,ci95_upper
FlexTok,imagenet,lpips,8,0.29298537740185865,0.2881473969893577,0.2979452005714923
FlexTok,imagenet,lpips,16,0.2550536535590887,0.25030023760169734,0.2599136220424624
FlexTok,imagenet,lpips,32,0.2039931494690478,0.2001424645928433,0.2079927519148262
FlexTok,imagenet,lpips,64,0.13965547628626226,0.1366197241824399,0.14278575505994726
FlexTok,imagenet,lpips,96,0.09895173399820922,0.09684891810834408,0.10109222253732854
FlexTok,imagenet,lpips,128,0.061684059180319314,0.06028969008444809,0.06313565919426271
FlexTok,imagenet,lpips,160,0.04360398959405721,0.04261274418454619,0.04461276030899959
FlexTok,imagenet,lpips,208,0.023736410476826134,0.023216094688819737,0.02426622533618473
FlexTok,imagenet,lpips,256,0.0,0.0,0.0
FlexTok,imagenet,psnr,8,5.936101072883605,5.794958000745772,6.073614390192028
FlexTok,imagenet,psnr,16,5.669796101665497,5.538608834801911,5.795848976972103
FlexTok,imagenet,psnr,32,4.9127403410911565,4.802239131584168,5.020921370022295
FlexTok,imagenet,psnr,64,3.9703981849670407,3.8797276595377954,4.060853248991969
FlexTok,imagenet,psnr,96,2.9980095514297487,2.9296324782705336,3.0675763288235665
FlexTok,imagenet,psnr,128,2.0037621691703795,1.9570829199337951,2.0507474842333813
FlexTok,imagenet,psnr,160,1.5150197534561158,1.4791728193616878,1.5506972443914417
FlexTok,imagenet,psnr,208,0.9145327255249023,0.888918060693741,0.9398562559700012
FlexTok,imagenet,psnr,256,0.0,0.0,0.0
FlexTok,imagenet,ssim,8,0.24529155089077542,0.2400211101228336,0.25053739239349493
FlexTok,imagenet,ssim,16,0.23558231824385004,0.23073112619530634,0.2405378472093562
FlexTok,imagenet,ssim,32,0.21158254602402451,0.2072817649246286,0.21600680772473574
FlexTok,imagenet,ssim,64,0.17663520903158933,0.17293711633694817,0.18043659185904992
FlexTok,imagenet,ssim,96,0.13302265293113888,0.13031606260276402,0.13576095819924036
FlexTok,imagenet,ssim,128,0.09015054692439736,0.08827760575243272,0.09198924063669514
FlexTok,imagenet,ssim,160,0.06519901006296278,0.06386464094558733,0.06651818343305961
FlexTok,imagenet,ssim,208,0.033497246269136666,0.03280974058529362,0.03419312565719707
FlexTok,imagenet,ssim,256,0.0,0.0,0.0
FlexTok,imagenet_r,lpips,8,0.3481034482501913,0.3445861732892793,0.3516963861779694
FlexTok,imagenet_r,lpips,16,0.30895706259147265,0.3054005370176747,0.31256806443482404
FlexTok,imagenet_r,lpips,32,0.2465110846482683,0.2434405787649925,0.24973267058162016
FlexTok,imagenet_r,lpips,64,0.1684739493653324,0.16606188193927052,0.1710398215940557
FlexTok,imagenet_r,lpips,96,0.11933844330476279,0.1175941948374448,0.12111113509690014
FlexTok,imagenet_r,lpips,128,0.07575567982296344,0.07455458809536811,0.07698565215832445
FlexTok,imagenet_r,lpips,160,0.05316069237407065,0.05231746548328079,0.054025473565165905
FlexTok,imagenet_r,lpips,208,0.029020853264792826,0.028595458885644336,0.029440647579850068
FlexTok,imagenet_r,lpips,256,0.0,0.0,0.0
FlexTok,imagenet_r,psnr,8,5.733792718362809,5.629904936420917,5.834479167627099
FlexTok,imagenet_r,psnr,16,5.587446729087829,5.492036057173015,5.682470091053245
FlexTok,imagenet_r,psnr,32,4.885490778446198,4.797270106053355,4.970666714925765
FlexTok,imagenet_r,psnr,64,4.037475259828567,3.959391604796647,4.1153970988404724
FlexTok,imagenet_r,psnr,96,3.0961834035873412,3.038570177062749,3.1538213866031177
FlexTok,imagenet_r,psnr,128,2.132760755300522,2.0920548644769204,2.173792373720408
FlexTok,imagenet_r,psnr,160,1.628174246644974,1.5983086979293823,1.658010917477607
FlexTok,imagenet_r,psnr,208,1.0485427824020386,1.0295585726737975,1.0663297946763037
FlexTok,imagenet_r,psnr,256,0.0,0.0,0.0
FlexTok,imagenet_r,ssim,8,0.2571126215978526,0.25377041824467594,0.26060826746896254
FlexTok,imagenet_r,ssim,16,0.24816990428610589,0.24488078839656155,0.25158925307521685
FlexTok,imagenet_r,ssim,32,0.21929712430109505,0.2163195936551365,0.22239968874079394
FlexTok,imagenet_r,ssim,64,0.18163177994890142,0.17907571698175742,0.1843146416665962
FlexTok,imagenet_r,ssim,96,0.13644159949384632,0.1346022310349718,0.13839767603499825
FlexTok,imagenet_r,ssim,128,0.09247415272071959,0.0911285637777951,0.09384190713698039
FlexTok,imagenet_r,ssim,160,0.0667147134833038,0.06578072192827238,0.06765822555711493
FlexTok,imagenet_r,ssim,208,0.03437364935427904,0.0338946899372712,0.03483982279302551
FlexTok,imagenet_r,ssim,256,0.0,0.0,0.0
One-D-Piece,imagenet,lpips,8,0.42035521222259853,0.4151906148693243,0.42520989840538714
One-D-Piece,imagenet,lpips,16,0.30505679284315557,0.30072740399656356,0.30931262469474713
One-D-Piece,imagenet,lpips,32,0.18882249900382014,0.18614018917012976,0.19157661651186175
One-D-Piece,imagenet,lpips,64,0.09844768312480301,0.09696656511754267,0.09993994987163683
One-D-Piece,imagenet,lpips,96,0.05322593148108572,0.052365235471483314,0.054079134443257966
One-D-Piece,imagenet,lpips,128,0.02827318877931685,0.0278058837158652,0.028750106929875906
One-D-Piece,imagenet,lpips,160,0.014284255045652389,0.014009573877286163,0.014550937548121434
One-D-Piece,imagenet,lpips,208,0.003566074353829026,0.0034670638271560882,0.00366550388483796
One-D-Piece,imagenet,lpips,256,0.0,0.0,0.0
One-D-Piece,imagenet,psnr,8,4.278364382386208,4.136977434794306,4.4105208459687235
One-D-Piece,imagenet,psnr,16,3.574783749485016,3.4559078631687177,3.6879159446501726
One-D-Piece,imagenet,psnr,32,2.702772162818909,2.6151316039562222,2.7869453179979313
One-D-Piece,imagenet,psnr,64,1.681278900909424,1.6276292756104465,1.733184499311446
One-D-Piece,imagenet,psnr,96,1.054858432865143,1.020301582708359,1.0885822189569472
One-D-Piece,imagenet,psnr,128,0.6376628277778625,0.6157658689165119,0.6588094303154949
One-D-Piece,imagenet,psnr,160,0.38039205589294434,0.3660642215108869,0.39407391223430643
One-D-Piece,imagenet,psnr,208,0.10515533714294435,0.09855737216472622,0.11146256558895122
One-D-Piece,imagenet,psnr,256,0.0,0.0,0.0
One-D-Piece,imagenet,ssim,8,0.10974001417793336,0.10488775364813391,0.11477045309913356
One-D-Piece,imagenet,ssim,16,0.10410700113102794,0.09993421732234767,0.10843527863073167
One-D-Piece,imagenet,ssim,32,0.09657002010904253,0.09367889391702598,0.09962089272714225
One-D-Piece,imagenet,ssim,64,0.0654368706099689,0.06379220537913964,0.06719516992154533
One-D-Piece,imagenet,ssim,96,0.03894794304780662,0.037943026071013915,0.040009740494219584
One-D-Piece,imagenet,ssim,128,0.021260215359926223,0.02065217849485577,0.021896740690916773
One-D-Piece,imagenet,ssim,160,0.011568202398344876,0.0112103174810391,0.011933533313889058
One-D-Piece,imagenet,ssim,208,0.002741533114016056,0.0025828121657017595,0.00290492150255479
One-D-Piece,imagenet,ssim,256,0.0,0.0,0.0
One-D-Piece,imagenet_r,lpips,8,0.42338442311738617,0.4204514259420068,0.42627730291382304
One-D-Piece,imagenet_r,lpips,16,0.3169367538406048,0.31431412335960063,0.31957014781207094
One-D-Piece,imagenet_r,lpips,32,0.21175564085594378,0.20961865126909093,0.21385028788862864
One-D-Piece,imagenet_r,lpips,64,0.11172768301204777,0.11048548389743311,0.11293962202766913
One-D-Piece,imagenet_r,lpips,96,0.058919859510241084,0.05820168549245917,0.059623674318253744
One-D-Piece,imagenet_r,lpips,128,0.03051706593926065,0.030127403241172433,0.030918387603044994
One-D-Piece,imagenet_r,lpips,160,0.014923635031189769,0.014703981617428362,0.015152489821098283
One-D-Piece,imagenet_r,lpips,208,0.003649075615219772,0.0035487375976098684,0.0037526550495252014
One-D-Piece,imagenet_r,lpips,256,0.0,0.0,0.0
One-D-Piece,imagenet_r,psnr,8,4.306136879944801,4.2055589920389655,4.406736520850658
One-D-Piece,imagenet_r,psnr,16,3.594539967393875,3.5060170838212956,3.6837410757708544
One-D-Piece,imagenet_r,psnr,32,2.7438968500614167,2.678052111439705,2.808736596672535
One-D-Piece,imagenet_r,psnr,64,1.71919667263031,1.678726900851727,1.758495684769153
One-D-Piece,imagenet_r,psnr,96,1.0841940111160278,1.0592030192136772,1.1094206600975998
One-D-Piece,imagenet_r,psnr,128,0.6479972980499268,0.6314307521319386,0.6643553640079498
One-D-Piece,imagenet_r,psnr,160,0.3666621793746948,0.3557937169909478,0.37734016140222565
One-D-Piece,imagenet_r,psnr,208,0.10580546712875367,0.10109407181501394,0.11049769799470902
One-D-Piece,imagenet_r,psnr,256,0.0,0.0,0.0
One-D-Piece,imagenet_r,ssim,8,0.13862285850406625,0.13515263527488444,0.14207932520001554
One-D-Piece,imagenet_r,ssim,16,0.13235155803263188,0.12911857583034786,0.13556991867641457
One-D-Piece,imagenet_r,ssim,32,0.11678128132807324,0.11418030596737667,0.11942307779490627
One-D-Piece,imagenet_r,ssim,64,0.0763952256073244,0.07482175424604674,0.07799768451000325
One-D-Piece,imagenet_r,ssim,96,0.04532083709305153,0.04439791995045728,0.04624914072973886
One-D-Piece,imagenet_r,ssim,128,0.024818976188928355,0.02429477678589348,0.02535292085718334
One-D-Piece,imagenet_r,ssim,160,0.01288243099730462,0.012563881878205575,0.013207631132947286
One-D-Piece,imagenet_r,ssim,208,0.0030770782073959706,0.002930250661615283,0.003222460078601726
One-D-Piece,imagenet_r,ssim,256,0.0,0.0,0.0
