model,dataset,prefix_tokens,fraction_achieved,ci95_lower,ci95_upper
FlexTok,imagenet,8,0.0,0.0,0.0
FlexTok,imagenet,16,0.12946626954266968,0.12553266584192208,0.13341138582414633
FlexTok,imagenet,32,0.303742899123423,0.29885734888366117,0.3087167415474036
FlexTok,imagenet,64,0.523336360590068,0.5180176651330025,0.5287699797052219
FlexTok,imagenet,96,0.6622639161186289,0.6578911008065458,0.6667020577589785
FlexTok,imagenet,128,0.7894636936241582,0.7861590030051816,0.7926829298443381
FlexTok,imagenet,160,0.8511734954804587,0.8487156270417927,0.8535918984863365
FlexTok,imagenet,208,0.9189843169399224,0.9177563532662766,0.9202304343648704
FlexTok,imagenet,256,1.0,1.0,1.0
FlexTok,imagenet_r,8,0.0,0.0,0.0
FlexTok,imagenet_r,16,0.1124561846643446,0.10969133841495238,0.11522986189182063
FlexTok,imagenet_r,32,0.2918453238903448,0.28810295388820456,0.295484988380673
FlexTok,imagenet_r,64,0.5160233252149641,0.5121871524999746,0.5197805474640822
FlexTok,imagenet_r,96,0.6571753485791643,0.6539202481705128,0.6603468324230244
FlexTok,imagenet_r,128,0.7823759569065923,0.7798286264968777,0.7849685820412395
FlexTok,imagenet_r,160,0.8472847866308333,0.8453711310529403,0.8491912882379361
FlexTok,imagenet_r,208,0.9166315260286224,0.9155764163449671,0.9176566766393472
FlexTok,imagenet_r,256,1.0,1.0,1.0
One-D-Piece,imagenet,8,0.0,0.0,0.0
One-D-Piece,imagenet,16,0.27428806882115436,0.27072733789400366,0.2778729637237988
One-D-Piece,imagenet,32,0.5508025272116064,0.5465361980535716,0.5549044818950798
One-D-Piece,imagenet,64,0.7657988285567632,0.7631882984459627,0.7683068554948586
One-D-Piece,imagenet,96,0.8733786808550383,0.8718702514783095,0.874861439169669
One-D-Piece,imagenet,128,0.9327397687545625,0.9318705975391398,0.933601094760524
One-D-Piece,imagenet,160,0.96601860847609,0.965496678003037,0.9665540169420039
One-D-Piece,imagenet,208,0.9915165216223355,0.9912933509285671,0.9917316991594524
One-D-Piece,imagenet,256,1.0,1.0,1.0
One-D-Piece,imagenet_r,8,0.0,0.0,0.0
One-D-Piece,imagenet_r,16,0.2514208446617037,0.24895718358815616,0.25390984982450654
One-D-Piece,imagenet_r,32,0.4998501850947098,0.4967669058182771,0.5029811455648704
One-D-Piece,imagenet_r,64,0.7361081870008465,0.73376868345312,0.7384823230866676
One-D-Piece,imagenet_r,96,0.8608360244422476,0.8593688933156666,0.8622781214882924
One-D-Piece,imagenet_r,128,0.9279211414662756,0.9270995233298638,0.9287295701544516
One-D-Piece,imagenet_r,160,0.9647515727638093,0.9642573060655025,0.9652334492203338
One-D-Piece,imagenet_r,208,0.9913811765006574,0.9911335505412546,0.9916193859106105
One-D-Piece,imagenet_r,256,1.0,1.0,1.0
