model,metric,prefix_tokens,mean_ood_minus_imagenet,ci95_lower,ci95_upper,positive_class_fraction
FlexTok,lpips,8,0.0551180708483327,0.05041387919113157,0.05993314220143596,0.965
FlexTok,lpips,16,0.053903409032383935,0.049319378259861844,0.05860627680802717,0.97
FlexTok,lpips,32,0.04251793517922052,0.03855839144630008,0.046578011461326396,0.935
FlexTok,lpips,64,0.0288184730790701,0.02575577176662628,0.031923562278296284,0.91
FlexTok,lpips,96,0.020386709306553535,0.018143955439970574,0.022636064290378774,0.93
FlexTok,lpips,128,0.01407162064264412,0.012509665138113055,0.01566767181005402,0.91
FlexTok,lpips,160,0.009556702780013438,0.008432182134834586,0.01068932602280431,0.89
FlexTok,lpips,208,0.00528444278796669,0.0047235148965759435,0.005874271085937506,0.9
FlexTok,lpips,256,0.0,0.0,0.0,0.0
One-D-Piece,lpips,8,0.003029210894787685,-0.002119729437074854,0.008403745444202807,0.48
One-D-Piece,lpips,16,0.011879960997449233,0.007373717722397994,0.01648051630379282,0.63
One-D-Piece,lpips,32,0.02293314185212366,0.01984289525836474,0.02598215609272477,0.855
One-D-Piece,lpips,64,0.013279999887244775,0.011589185870991791,0.01496873723713914,0.845
One-D-Piece,lpips,96,0.005693928029155359,0.004678993771765379,0.0066927033596218075,0.78
One-D-Piece,lpips,128,0.002243877159943804,0.0016883224794780824,0.0027980156641372,0.67
One-D-Piece,lpips,160,0.0006393799855373793,0.0002967263042903491,0.0009772270574327554,0.605
One-D-Piece,lpips,208,8.300126139074566e-05,-6.086181370075722e-05,0.00022805470727151305,0.465
One-D-Piece,lpips,256,0.0,0.0,0.0,0.0
FlexTok,psnr,8,-0.20230835452079776,-0.34329613355159777,-0.06562481574773801,0.455
FlexTok,psnr,16,-0.08234937257766724,-0.2121787538659573,0.044887769031524624,0.49
FlexTok,psnr,32,-0.02724956264495847,-0.1401850231564045,0.08300690907001489,0.495
FlexTok,psnr,64,0.06707707486152646,-0.027127797847986225,0.15896882762670508,0.56
FlexTok,psnr,96,0.09817385215759274,0.02609855662941928,0.16790453935980798,0.585
FlexTok,psnr,128,0.12899858613014215,0.07909334910869592,0.17813873676419245,0.625
FlexTok,psnr,160,0.11315449318885801,0.07475893656849862,0.15180514592885974,0.645
FlexTok,psnr,208,0.13401005687713627,0.10985083048820488,0.15783791225433347,0.745
FlexTok,psnr,256,0.0,0.0,0.0,0.0
One-D-Piece,psnr,8,0.027772497558593744,-0.10240670872926706,0.15493513551175578,0.54
One-D-Piece,psnr,16,0.019756217908859224,-0.09344941784858697,0.1298663632106779,0.535
One-D-Piece,psnr,32,0.04112468724250792,-0.044252375960350074,0.126725810139179,0.535
One-D-Piece,psnr,64,0.03791777172088623,-0.013031962449550611,0.08920258720636366,0.535
One-D-Piece,psnr,96,0.029335578250884984,-0.004043510651588492,0.06361823704004281,0.54
One-D-Piece,psnr,128,0.010334470272064212,-0.01200986056089403,0.03351855411767955,0.535
One-D-Piece,psnr,160,-0.013729876518249511,-0.028468043260574307,0.0015523642063140783,0.435
One-D-Piece,psnr,208,0.0006501299858093371,-0.006900247073173467,0.00842154747009278,0.48
One-D-Piece,psnr,256,0.0,0.0,0.0,0.0
FlexTok,ssim,8,0.011821070707077157,0.006875496934732648,0.01676222756571951,0.6
FlexTok,ssim,16,0.012587586042255858,0.007825407366130379,0.017361998070021065,0.62
FlexTok,ssim,32,0.007714578277070534,0.0035697241543492346,0.011914675758996445,0.57
FlexTok,ssim,64,0.00499657091731205,0.0015079389508231475,0.008546690169060593,0.56
FlexTok,ssim,96,0.0034189465627074206,0.000854702954683451,0.0061193582598213035,0.535
FlexTok,ssim,128,0.002323605796322224,0.0005709052353072898,0.004205628152685232,0.54
FlexTok,ssim,160,0.0015157034203410133,0.00026515805043279925,0.002878989047296345,0.515
FlexTok,ssim,208,0.0008764030851423732,0.00018249757254496123,0.0015800377416796978,0.54
FlexTok,ssim,256,0.0,0.0,0.0,0.0
One-D-Piece,ssim,8,0.02888284432613291,0.023935614951973546,0.033796708593302166,0.795
One-D-Piece,ssim,16,0.028244556901603938,0.023982500347804754,0.032612692034794034,0.81
One-D-Piece,ssim,32,0.020211261219030715,0.017035702723252187,0.02340736317477596,0.81
One-D-Piece,ssim,64,0.01095835499735549,0.00906699366457295,0.012843590868050231,0.79
One-D-Piece,ssim,96,0.006372894045244902,0.005254606847711838,0.0075096814220654805,0.77
One-D-Piece,ssim,128,0.003558760829002131,0.002886315823239565,0.0042500873211331735,0.73
One-D-Piece,ssim,160,0.0013142285989597435,0.0009060619416087868,0.0017387274397816497,0.645
One-D-Piece,ssim,208,0.0003355450933799147,0.0001233916627103459,0.0005513320644805208,0.595
One-D-Piece,ssim,256,0.0,0.0,0.0,0.0
