dataset,wnid,image
imagenet,n02437616,n02437616/ILSVRC2012_val_00000343.JPEG
imagenet,n02437616,n02437616/ILSVRC2012_val_00001050.JPEG
imagenet,n02437616,n02437616/ILSVRC2012_val_00001333.JPEG
imagenet,n02437616,n02437616/ILSVRC2012_val_00003654.JPEG
imagenet,n02437616,n02437616/ILSVRC2012_val_00004793.JPEG
imagenet,n02437616,n02437616/ILSVRC2012_val_00005960.JPEG
imagenet,n02437616,n02437616/ILSVRC2012_val_00009205.JPEG
imagenet,n02437616,n02437616/ILSVRC2012_val_00009719.JPEG
imagenet,n02437616,n02437616/ILSVRC2012_val_00010441.JPEG
imagenet,n02437616,n02437616/ILSVRC2012_val_00010862.JPEG
imagenet,n02437616,n02437616/ILSVRC2012_val_00014548.JPEG
imagenet,n02437616,n02437616/ILSVRC2012_val_00015482.JPEG
imagenet,n02437616,n02437616/ILSVRC2012_val_00016710.JPEG
imagenet,n02437616,n02437616/ILSVRC2012_val_00018238.JPEG
imagenet,n02437616,n02437616/ILSVRC2012_val_00018496.JPEG
imagenet,n02437616,n02437616/ILSVRC2012_val_00019044.JPEG
imagenet,n02437616,n02437616/ILSVRC2012_val_00019427.JPEG
imagenet,n02437616,n02437616/ILSVRC2012_val_00019696.JPEG
imagenet,n02437616,n02437616/ILSVRC2012_val_00020139.JPEG
imagenet,n02437616,n02437616/ILSVRC2012_val_00020158.JPEG
imagenet,n02437616,n02437616/ILSVRC2012_val_00021181.JPEG
imagenet,n02437616,n02437616/ILSVRC2012_val_00022237.JPEG
imagenet,n02437616,n02437616/ILSVRC2012_val_00024978.JPEG
imagenet,n02437616,n02437616/ILSVRC2012_val_00025221.JPEG
imagenet,n02437616,n02437616/ILSVRC2012_val_00026173.JPEG
imagenet,n02437616,n02437616/ILSVRC2012_val_00026223.JPEG
imagenet,n02437616,n02437616/ILSVRC2012_val_00026578.JPEG
imagenet,n02437616,n02437616/ILSVRC2012_val_00026926.JPEG
imagenet,n02437616,n02437616/ILSVRC2012_val_00029207.JPEG
imagenet,n02437616,n02437616/ILSVRC2012_val_00029566.JPEG
imagenet,n02437616,n02437616/ILSVRC2012_val_00030358.JPEG
imagenet,n02437616,n02437616/ILSVRC2012_val_00030488.JPEG
imagenet,n02437616,n02437616/ILSVRC2012_val_00030863.JPEG
imagenet,n02437616,n02437616/ILSVRC2012_val_00030927.JPEG
imagenet,n02437616,n02437616/ILSVRC2012_val_00030943.JPEG
imagenet,n02437616,n02437616/ILSVRC2012_val_00033984.JPEG
imagenet,n02437616,n02437616/ILSVRC2012_val_00035823.JPEG
imagenet,n02437616,n02437616/ILSVRC2012_val_00036473.JPEG
imagenet,n02437616,n02437616/ILSVRC2012_val_00037380.JPEG
imagenet,n02437616,n02437616/ILSVRC2012_val_00038163.JPEG
imagenet,n02437616,n02437616/ILSVRC2012_val_00038684.JPEG
imagenet,n02437616,n02437616/ILSVRC2012_val_00039936.JPEG
imagenet,n02437616,n02437616/ILSVRC2012_val_00041185.JPEG
imagenet,n02437616,n02437616/ILSVRC2012_val_00041905.JPEG
imagenet,n02437616,n02437616/ILSVRC2012_val_00044769.JPEG
imagenet,n02437616,n02437616/ILSVRC2012_val_00045049.JPEG
imagenet,n02437616,n02437616/ILSVRC2012_val_00046051.JPEG
imagenet,n02437616,n02437616/ILSVRC2012_val_00046841.JPEG
imagenet,n02437616,n02437616/ILSVRC2012_val_00047279.JPEG
imagenet,n02437616,n02437616/ILSVRC2012_val_00050000.JPEG
imagenet,n02445715,n02445715/ILSVRC2012_val_00000181.JPEG
imagenet,n02445715,n02445715/ILSVRC2012_val_00000273.JPEG
imagenet,n02445715,n02445715/ILSVRC2012_val_00000322.JPEG
imagenet,n02445715,n02445715/ILSVRC2012_val_00000446.JPEG
imagenet,n02445715,n02445715/ILSVRC2012_val_00000447.JPEG
imagenet,n02445715,n02445715/ILSVRC2012_val_00001721.JPEG
imagenet,n02445715,n02445715/ILSVRC2012_val_00003299.JPEG
imagenet,n02445715,n02445715/ILSVRC2012_val_00003766.JPEG
imagenet,n02445715,n02445715/ILSVRC2012_val_00004601.JPEG
imagenet,n02445715,n02445715/ILSVRC2012_val_00004808.JPEG
imagenet,n02445715,n02445715/ILSVRC2012_val_00005312.JPEG
imagenet,n02445715,n02445715/ILSVRC2012_val_00006283.JPEG
imagenet,n02445715,n02445715/ILSVRC2012_val_00008517.JPEG
imagenet,n02445715,n02445715/ILSVRC2012_val_00008722.JPEG
imagenet,n02445715,n02445715/ILSVRC2012_val_00009067.JPEG
imagenet,n02445715,n02445715/ILSVRC2012_val_00011219.JPEG
imagenet,n02445715,n02445715/ILSVRC2012_val_00012283.JPEG
imagenet,n02445715,n02445715/ILSVRC2012_val_00012662.JPEG
imagenet,n02445715,n02445715/ILSVRC2012_val_00014343.JPEG
imagenet,n02445715,n02445715/ILSVRC2012_val_00014391.JPEG
imagenet,n02445715,n02445715/ILSVRC2012_val_00015239.JPEG
imagenet,n02445715,n02445715/ILSVRC2012_val_00015459.JPEG
imagenet,n02445715,n02445715/ILSVRC2012_val_00015894.JPEG
imagenet,n02445715,n02445715/ILSVRC2012_val_00016741.JPEG
imagenet,n02445715,n02445715/ILSVRC2012_val_00017341.JPEG
imagenet,n02445715,n02445715/ILSVRC2012_val_00017860.JPEG
imagenet,n02445715,n02445715/ILSVRC2012_val_00021874.JPEG
imagenet,n02445715,n02445715/ILSVRC2012_val_00022864.JPEG
imagenet,n02445715,n02445715/ILSVRC2012_val_00023119.JPEG
imagenet,n02445715,n02445715/ILSVRC2012_val_00023656.JPEG
imagenet,n02445715,n02445715/ILSVRC2012_val_00026215.JPEG
imagenet,n02445715,n02445715/ILSVRC2012_val_00027295.JPEG
imagenet,n02445715,n02445715/ILSVRC2012_val_00028802.JPEG
imagenet,n02445715,n02445715/ILSVRC2012_val_00033947.JPEG
imagenet,n02445715,n02445715/ILSVRC2012_val_00034780.JPEG
imagenet,n02445715,n02445715/ILSVRC2012_val_00035314.JPEG
imagenet,n02445715,n02445715/ILSVRC2012_val_00036461.JPEG
imagenet,n02445715,n02445715/ILSVRC2012_val_00037139.JPEG
imagenet,n02445715,n02445715/ILSVRC2012_val_00038199.JPEG
imagenet,n02445715,n02445715/ILSVRC2012_val_00039135.JPEG
imagenet,n02445715,n02445715/ILSVRC2012_val_00040228.JPEG
imagenet,n02445715,n02445715/ILSVRC2012_val_00042428.JPEG
imagenet,n02445715,n02445715/ILSVRC2012_val_00042443.JPEG
imagenet,n02445715,n02445715/ILSVRC2012_val_00044511.JPEG
imagenet,n02445715,n02445715/ILSVRC2012_val_00044929.JPEG
imagenet,n02445715,n02445715/ILSVRC2012_val_00045193.JPEG
imagenet,n02445715,n02445715/ILSVRC2012_val_00047048.JPEG
imagenet,n02445715,n02445715/ILSVRC2012_val_00048581.JPEG
imagenet,n02445715,n02445715/ILSVRC2012_val_00049081.JPEG
imagenet,n02445715,n02445715/ILSVRC2012_val_00049976.JPEG
imagenet,n02447366,n02447366/ILSVRC2012_val_00000726.JPEG
imagenet,n02447366,n02447366/ILSVRC2012_val_00002903.JPEG
imagenet,n02447366,n02447366/ILSVRC2012_val_00003213.JPEG
imagenet,n02447366,n02447366/ILSVRC2012_val_00003383.JPEG
imagenet,n02447366,n02447366/ILSVRC2012_val_00004409.JPEG
imagenet,n02447366,n02447366/ILSVRC2012_val_00005155.JPEG
imagenet,n02447366,n02447366/ILSVRC2012_val_00006320.JPEG
imagenet,n02447366,n02447366/ILSVRC2012_val_00006734.JPEG
imagenet,n02447366,n02447366/ILSVRC2012_val_00007541.JPEG
imagenet,n02447366,n02447366/ILSVRC2012_val_00007728.JPEG
imagenet,n02447366,n02447366/ILSVRC2012_val_00008419.JPEG
imagenet,n02447366,n02447366/ILSVRC2012_val_00008562.JPEG
imagenet,n02447366,n02447366/ILSVRC2012_val_00009254.JPEG
imagenet,n02447366,n02447366/ILSVRC2012_val_00009878.JPEG
imagenet,n02447366,n02447366/ILSVRC2012_val_00012860.JPEG
imagenet,n02447366,n02447366/ILSVRC2012_val_00013425.JPEG
imagenet,n02447366,n02447366/ILSVRC2012_val_00017114.JPEG
imagenet,n02447366,n02447366/ILSVRC2012_val_00017517.JPEG
imagenet,n02447366,n02447366/ILSVRC2012_val_00018072.JPEG
imagenet,n02447366,n02447366/ILSVRC2012_val_00019336.JPEG
imagenet,n02447366,n02447366/ILSVRC2012_val_00020219.JPEG
imagenet,n02447366,n02447366/ILSVRC2012_val_00020668.JPEG
imagenet,n02447366,n02447366/ILSVRC2012_val_00020969.JPEG
imagenet,n02447366,n02447366/ILSVRC2012_val_00023566.JPEG
imagenet,n02447366,n02447366/ILSVRC2012_val_00023776.JPEG
imagenet,n02447366,n02447366/ILSVRC2012_val_00023870.JPEG
imagenet,n02447366,n02447366/ILSVRC2012_val_00025242.JPEG
imagenet,n02447366,n02447366/ILSVRC2012_val_00026422.JPEG
imagenet,n02447366,n02447366/ILSVRC2012_val_00028238.JPEG
imagenet,n02447366,n02447366/ILSVRC2012_val_00029690.JPEG
imagenet,n02447366,n02447366/ILSVRC2012_val_00029936.JPEG
imagenet,n02447366,n02447366/ILSVRC2012_val_00031436.JPEG
imagenet,n02447366,n02447366/ILSVRC2012_val_00031622.JPEG
imagenet,n02447366,n02447366/ILSVRC2012_val_00034872.JPEG
imagenet,n02447366,n02447366/ILSVRC2012_val_00035718.JPEG
imagenet,n02447366,n02447366/ILSVRC2012_val_00036141.JPEG
imagenet,n02447366,n02447366/ILSVRC2012_val_00036224.JPEG
imagenet,n02447366,n02447366/ILSVRC2012_val_00037650.JPEG
imagenet,n02447366,n02447366/ILSVRC2012_val_00037899.JPEG
imagenet,n02447366,n02447366/ILSVRC2012_val_00038889.JPEG
imagenet,n02447366,n02447366/ILSVRC2012_val_00038987.JPEG
imagenet,n02447366,n02447366/ILSVRC2012_val_00039103.JPEG
imagenet,n02447366,n02447366/ILSVRC2012_val_00039772.JPEG
imagenet,n02447366,n02447366/ILSVRC2012_val_00041647.JPEG
imagenet,n02447366,n02447366/ILSVRC2012_val_00042540.JPEG
imagenet,n02447366,n02447366/ILSVRC2012_val_00043025.JPEG
imagenet,n02447366,n02447366/ILSVRC2012_val_00043982.JPEG
imagenet,n02447366,n02447366/ILSVRC2012_val_00044044.JPEG
imagenet,n02447366,n02447366/ILSVRC2012_val_00044114.JPEG
imagenet,n02447366,n02447366/ILSVRC2012_val_00044728.JPEG
imagenet,n02480495,n02480495/ILSVRC2012_val_00001535.JPEG
imagenet,n02480495,n02480495/ILSVRC2012_val_00002862.JPEG
imagenet,n02480495,n02480495/ILSVRC2012_val_00002911.JPEG
imagenet,n02480495,n02480495/ILSVRC2012_val_00004003.JPEG
imagenet,n02480495,n02480495/ILSVRC2012_val_00005726.JPEG
imagenet,n02480495,n02480495/ILSVRC2012_val_00007506.JPEG
imagenet,n02480495,n02480495/ILSVRC2012_val_00008615.JPEG
imagenet,n02480495,n02480495/ILSVRC2012_val_00009381.JPEG
imagenet,n02480495,n02480495/ILSVRC2012_val_00009574.JPEG
imagenet,n02480495,n02480495/ILSVRC2012_val_00010212.JPEG
imagenet,n02480495,n02480495/ILSVRC2012_val_00010576.JPEG
imagenet,n02480495,n02480495/ILSVRC2012_val_00011425.JPEG
imagenet,n02480495,n02480495/ILSVRC2012_val_00011592.JPEG
imagenet,n02480495,n02480495/ILSVRC2012_val_00012167.JPEG
imagenet,n02480495,n02480495/ILSVRC2012_val_00012782.JPEG
imagenet,n02480495,n02480495/ILSVRC2012_val_00015704.JPEG
imagenet,n02480495,n02480495/ILSVRC2012_val_00015876.JPEG
imagenet,n02480495,n02480495/ILSVRC2012_val_00016196.JPEG
imagenet,n02480495,n02480495/ILSVRC2012_val_00016432.JPEG
imagenet,n02480495,n02480495/ILSVRC2012_val_00016559.JPEG
imagenet,n02480495,n02480495/ILSVRC2012_val_00017493.JPEG
imagenet,n02480495,n02480495/ILSVRC2012_val_00019448.JPEG
imagenet,n02480495,n02480495/ILSVRC2012_val_00020171.JPEG
imagenet,n02480495,n02480495/ILSVRC2012_val_00020525.JPEG
imagenet,n02480495,n02480495/ILSVRC2012_val_00021352.JPEG
imagenet,n02480495,n02480495/ILSVRC2012_val_00022223.JPEG
imagenet,n02480495,n02480495/ILSVRC2012_val_00023426.JPEG
imagenet,n02480495,n02480495/ILSVRC2012_val_00024622.JPEG
imagenet,n02480495,n02480495/ILSVRC2012_val_00024886.JPEG
imagenet,n02480495,n02480495/ILSVRC2012_val_00026499.JPEG
imagenet,n02480495,n02480495/ILSVRC2012_val_00028636.JPEG
imagenet,n02480495,n02480495/ILSVRC2012_val_00028784.JPEG
imagenet,n02480495,n02480495/ILSVRC2012_val_00031083.JPEG
imagenet,n02480495,n02480495/ILSVRC2012_val_00031880.JPEG
imagenet,n02480495,n02480495/ILSVRC2012_val_00032080.JPEG
imagenet,n02480495,n02480495/ILSVRC2012_val_00033650.JPEG
imagenet,n02480495,n02480495/ILSVRC2012_val_00033841.JPEG
imagenet,n02480495,n02480495/ILSVRC2012_val_00034740.JPEG
imagenet,n02480495,n02480495/ILSVRC2012_val_00035901.JPEG
imagenet,n02480495,n02480495/ILSVRC2012_val_00037212.JPEG
imagenet,n02480495,n02480495/ILSVRC2012_val_00037228.JPEG
imagenet,n02480495,n02480495/ILSVRC2012_val_00042045.JPEG
imagenet,n02480495,n02480495/ILSVRC2012_val_00045304.JPEG
imagenet,n02480495,n02480495/ILSVRC2012_val_00046846.JPEG
imagenet,n02480495,n02480495/ILSVRC2012_val_00047222.JPEG
imagenet,n02480495,n02480495/ILSVRC2012_val_00047956.JPEG
imagenet,n02480495,n02480495/ILSVRC2012_val_00048291.JPEG
imagenet,n02480495,n02480495/ILSVRC2012_val_00048294.JPEG
imagenet,n02480495,n02480495/ILSVRC2012_val_00049124.JPEG
imagenet,n02480495,n02480495/ILSVRC2012_val_00049377.JPEG
imagenet,n02480855,n02480855/ILSVRC2012_val_00000093.JPEG
imagenet,n02480855,n02480855/ILSVRC2012_val_00000242.JPEG
imagenet,n02480855,n02480855/ILSVRC2012_val_00002530.JPEG
imagenet,n02480855,n02480855/ILSVRC2012_val_00004173.JPEG
imagenet,n02480855,n02480855/ILSVRC2012_val_00004272.JPEG
imagenet,n02480855,n02480855/ILSVRC2012_val_00005565.JPEG
imagenet,n02480855,n02480855/ILSVRC2012_val_00005826.JPEG
imagenet,n02480855,n02480855/ILSVRC2012_val_00006141.JPEG
imagenet,n02480855,n02480855/ILSVRC2012_val_00006498.JPEG
imagenet,n02480855,n02480855/ILSVRC2012_val_00006541.JPEG
imagenet,n02480855,n02480855/ILSVRC2012_val_00006775.JPEG
imagenet,n02480855,n02480855/ILSVRC2012_val_00007588.JPEG
imagenet,n02480855,n02480855/ILSVRC2012_val_00009390.JPEG
imagenet,n02480855,n02480855/ILSVRC2012_val_00010853.JPEG
imagenet,n02480855,n02480855/ILSVRC2012_val_00011482.JPEG
imagenet,n02480855,n02480855/ILSVRC2012_val_00012496.JPEG
imagenet,n02480855,n02480855/ILSVRC2012_val_00014055.JPEG
imagenet,n02480855,n02480855/ILSVRC2012_val_00015064.JPEG
imagenet,n02480855,n02480855/ILSVRC2012_val_00015909.JPEG
imagenet,n02480855,n02480855/ILSVRC2012_val_00015928.JPEG
imagenet,n02480855,n02480855/ILSVRC2012_val_00016173.JPEG
imagenet,n02480855,n02480855/ILSVRC2012_val_00017200.JPEG
imagenet,n02480855,n02480855/ILSVRC2012_val_00020000.JPEG
imagenet,n02480855,n02480855/ILSVRC2012_val_00021361.JPEG
imagenet,n02480855,n02480855/ILSVRC2012_val_00021741.JPEG
imagenet,n02480855,n02480855/ILSVRC2012_val_00022791.JPEG
imagenet,n02480855,n02480855/ILSVRC2012_val_00023514.JPEG
imagenet,n02480855,n02480855/ILSVRC2012_val_00027670.JPEG
imagenet,n02480855,n02480855/ILSVRC2012_val_00028049.JPEG
imagenet,n02480855,n02480855/ILSVRC2012_val_00028177.JPEG
imagenet,n02480855,n02480855/ILSVRC2012_val_00028296.JPEG
imagenet,n02480855,n02480855/ILSVRC2012_val_00030729.JPEG
imagenet,n02480855,n02480855/ILSVRC2012_val_00032006.JPEG
imagenet,n02480855,n02480855/ILSVRC2012_val_00032223.JPEG
imagenet,n02480855,n02480855/ILSVRC2012_val_00032655.JPEG
imagenet,n02480855,n02480855/ILSVRC2012_val_00033298.JPEG
imagenet,n02480855,n02480855/ILSVRC2012_val_00035543.JPEG
imagenet,n02480855,n02480855/ILSVRC2012_val_00038024.JPEG
imagenet,n02480855,n02480855/ILSVRC2012_val_00040008.JPEG
imagenet,n02480855,n02480855/ILSVRC2012_val_00040216.JPEG
imagenet,n02480855,n02480855/ILSVRC2012_val_00040794.JPEG
imagenet,n02480855,n02480855/ILSVRC2012_val_00041155.JPEG
imagenet,n02480855,n02480855/ILSVRC2012_val_00041607.JPEG
imagenet,n02480855,n02480855/ILSVRC2012_val_00042024.JPEG
imagenet,n02480855,n02480855/ILSVRC2012_val_00042046.JPEG
imagenet,n02480855,n02480855/ILSVRC2012_val_00042839.JPEG
imagenet,n02480855,n02480855/ILSVRC2012_val_00044145.JPEG
imagenet,n02480855,n02480855/ILSVRC2012_val_00045156.JPEG
imagenet,n02480855,n02480855/ILSVRC2012_val_00047603.JPEG
imagenet,n02480855,n02480855/ILSVRC2012_val_00049323.JPEG
imagenet,n02481823,n02481823/ILSVRC2012_val_00000553.JPEG
imagenet,n02481823,n02481823/ILSVRC2012_val_00000788.JPEG
imagenet,n02481823,n02481823/ILSVRC2012_val_00000870.JPEG
imagenet,n02481823,n02481823/ILSVRC2012_val_00000974.JPEG
imagenet,n02481823,n02481823/ILSVRC2012_val_00001546.JPEG
imagenet,n02481823,n02481823/ILSVRC2012_val_00007604.JPEG
imagenet,n02481823,n02481823/ILSVRC2012_val_00007619.JPEG
imagenet,n02481823,n02481823/ILSVRC2012_val_00007639.JPEG
imagenet,n02481823,n02481823/ILSVRC2012_val_00008256.JPEG
imagenet,n02481823,n02481823/ILSVRC2012_val_00008330.JPEG
imagenet,n02481823,n02481823/ILSVRC2012_val_00008351.JPEG
imagenet,n02481823,n02481823/ILSVRC2012_val_00008889.JPEG
imagenet,n02481823,n02481823/ILSVRC2012_val_00011245.JPEG
imagenet,n02481823,n02481823/ILSVRC2012_val_00012253.JPEG
imagenet,n02481823,n02481823/ILSVRC2012_val_00012830.JPEG
imagenet,n02481823,n02481823/ILSVRC2012_val_00013943.JPEG
imagenet,n02481823,n02481823/ILSVRC2012_val_00015148.JPEG
imagenet,n02481823,n02481823/ILSVRC2012_val_00015432.JPEG
imagenet,n02481823,n02481823/ILSVRC2012_val_00019335.JPEG
imagenet,n02481823,n02481823/ILSVRC2012_val_00020642.JPEG
imagenet,n02481823,n02481823/ILSVRC2012_val_00020869.JPEG
imagenet,n02481823,n02481823/ILSVRC2012_val_00022194.JPEG
imagenet,n02481823,n02481823/ILSVRC2012_val_00023262.JPEG
imagenet,n02481823,n02481823/ILSVRC2012_val_00024600.JPEG
imagenet,n02481823,n02481823/ILSVRC2012_val_00024840.JPEG
imagenet,n02481823,n02481823/ILSVRC2012_val_00024921.JPEG
imagenet,n02481823,n02481823/ILSVRC2012_val_00027941.JPEG
imagenet,n02481823,n02481823/ILSVRC2012_val_00028562.JPEG
imagenet,n02481823,n02481823/ILSVRC2012_val_00029160.JPEG
imagenet,n02481823,n02481823/ILSVRC2012_val_00030426.JPEG
imagenet,n02481823,n02481823/ILSVRC2012_val_00031769.JPEG
imagenet,n02481823,n02481823/ILSVRC2012_val_00032684.JPEG
imagenet,n02481823,n02481823/ILSVRC2012_val_00033537.JPEG
imagenet,n02481823,n02481823/ILSVRC2012_val_00034215.JPEG
imagenet,n02481823,n02481823/ILSVRC2012_val_00036080.JPEG
imagenet,n02481823,n02481823/ILSVRC2012_val_00037790.JPEG
imagenet,n02481823,n02481823/ILSVRC2012_val_00038769.JPEG
imagenet,n02481823,n02481823/ILSVRC2012_val_00038816.JPEG
imagenet,n02481823,n02481823/ILSVRC2012_val_00038902.JPEG
imagenet,n02481823,n02481823/ILSVRC2012_val_00039545.JPEG
imagenet,n02481823,n02481823/ILSVRC2012_val_00042086.JPEG
imagenet,n02481823,n02481823/ILSVRC2012_val_00042946.JPEG
imagenet,n02481823,n02481823/ILSVRC2012_val_00044781.JPEG
imagenet,n02481823,n02481823/ILSVRC2012_val_00045826.JPEG
imagenet,n02481823,n02481823/ILSVRC2012_val_00046456.JPEG
imagenet,n02481823,n02481823/ILSVRC2012_val_00046703.JPEG
imagenet,n02481823,n02481823/ILSVRC2012_val_00046741.JPEG
imagenet,n02481823,n02481823/ILSVRC2012_val_00048741.JPEG
imagenet,n02481823,n02481823/ILSVRC2012_val_00049902.JPEG
imagenet,n02481823,n02481823/ILSVRC2012_val_00049985.JPEG
imagenet,n02483362,n02483362/ILSVRC2012_val_00003388.JPEG
imagenet,n02483362,n02483362/ILSVRC2012_val_00003712.JPEG
imagenet,n02483362,n02483362/ILSVRC2012_val_00004058.JPEG
imagenet,n02483362,n02483362/ILSVRC2012_val_00004753.JPEG
imagenet,n02483362,n02483362/ILSVRC2012_val_00006256.JPEG
imagenet,n02483362,n02483362/ILSVRC2012_val_00006447.JPEG
imagenet,n02483362,n02483362/ILSVRC2012_val_00006451.JPEG
imagenet,n02483362,n02483362/ILSVRC2012_val_00008017.JPEG
imagenet,n02483362,n02483362/ILSVRC2012_val_00009303.JPEG
imagenet,n02483362,n02483362/ILSVRC2012_val_00009519.JPEG
imagenet,n02483362,n02483362/ILSVRC2012_val_00009925.JPEG
imagenet,n02483362,n02483362/ILSVRC2012_val_00010482.JPEG
imagenet,n02483362,n02483362/ILSVRC2012_val_00011039.JPEG
imagenet,n02483362,n02483362/ILSVRC2012_val_00011281.JPEG
imagenet,n02483362,n02483362/ILSVRC2012_val_00011523.JPEG
imagenet,n02483362,n02483362/ILSVRC2012_val_00015010.JPEG
imagenet,n02483362,n02483362/ILSVRC2012_val_00016611.JPEG
imagenet,n02483362,n02483362/ILSVRC2012_val_00017266.JPEG
imagenet,n02483362,n02483362/ILSVRC2012_val_00018962.JPEG
imagenet,n02483362,n02483362/ILSVRC2012_val_00020301.JPEG
imagenet,n02483362,n02483362/ILSVRC2012_val_00020978.JPEG
imagenet,n02483362,n02483362/ILSVRC2012_val_00020997.JPEG
imagenet,n02483362,n02483362/ILSVRC2012_val_00023595.JPEG
imagenet,n02483362,n02483362/ILSVRC2012_val_00025031.JPEG
imagenet,n02483362,n02483362/ILSVRC2012_val_00025033.JPEG
imagenet,n02483362,n02483362/ILSVRC2012_val_00026222.JPEG
imagenet,n02483362,n02483362/ILSVRC2012_val_00027489.JPEG
imagenet,n02483362,n02483362/ILSVRC2012_val_00028219.JPEG
imagenet,n02483362,n02483362/ILSVRC2012_val_00029459.JPEG
imagenet,n02483362,n02483362/ILSVRC2012_val_00029465.JPEG
imagenet,n02483362,n02483362/ILSVRC2012_val_00029738.JPEG
imagenet,n02483362,n02483362/ILSVRC2012_val_00031929.JPEG
imagenet,n02483362,n02483362/ILSVRC2012_val_00032133.JPEG
imagenet,n02483362,n02483362/ILSVRC2012_val_00033513.JPEG
imagenet,n02483362,n02483362/ILSVRC2012_val_00033717.JPEG
imagenet,n02483362,n02483362/ILSVRC2012_val_00034271.JPEG
imagenet,n02483362,n02483362/ILSVRC2012_val_00035668.JPEG
imagenet,n02483362,n02483362/ILSVRC2012_val_00035799.JPEG
imagenet,n02483362,n02483362/ILSVRC2012_val_00035977.JPEG
imagenet,n02483362,n02483362/ILSVRC2012_val_00038037.JPEG
imagenet,n02483362,n02483362/ILSVRC2012_val_00040852.JPEG
imagenet,n02483362,n02483362/ILSVRC2012_val_00041756.JPEG
imagenet,n02483362,n02483362/ILSVRC2012_val_00042637.JPEG
imagenet,n02483362,n02483362/ILSVRC2012_val_00045321.JPEG
imagenet,n02483362,n02483362/ILSVRC2012_val_00046137.JPEG
imagenet,n02483362,n02483362/ILSVRC2012_val_00046486.JPEG
imagenet,n02483362,n02483362/ILSVRC2012_val_00046590.JPEG
imagenet,n02483362,n02483362/ILSVRC2012_val_00046783.JPEG
imagenet,n02483362,n02483362/ILSVRC2012_val_00048939.JPEG
imagenet,n02483362,n02483362/ILSVRC2012_val_00049019.JPEG
imagenet,n02486410,n02486410/ILSVRC2012_val_00000486.JPEG
imagenet,n02486410,n02486410/ILSVRC2012_val_00000945.JPEG
imagenet,n02486410,n02486410/ILSVRC2012_val_00001155.JPEG
imagenet,n02486410,n02486410/ILSVRC2012_val_00003454.JPEG
imagenet,n02486410,n02486410/ILSVRC2012_val_00004227.JPEG
imagenet,n02486410,n02486410/ILSVRC2012_val_00005813.JPEG
imagenet,n02486410,n02486410/ILSVRC2012_val_00007455.JPEG
imagenet,n02486410,n02486410/ILSVRC2012_val_00008014.JPEG
imagenet,n02486410,n02486410/ILSVRC2012_val_00008154.JPEG
imagenet,n02486410,n02486410/ILSVRC2012_val_00008484.JPEG
imagenet,n02486410,n02486410/ILSVRC2012_val_00008877.JPEG
imagenet,n02486410,n02486410/ILSVRC2012_val_00009799.JPEG
imagenet,n02486410,n02486410/ILSVRC2012_val_00013761.JPEG
imagenet,n02486410,n02486410/ILSVRC2012_val_00014339.JPEG
imagenet,n02486410,n02486410/ILSVRC2012_val_00015023.JPEG
imagenet,n02486410,n02486410/ILSVRC2012_val_00016257.JPEG
imagenet,n02486410,n02486410/ILSVRC2012_val_00016651.JPEG
imagenet,n02486410,n02486410/ILSVRC2012_val_00016706.JPEG
imagenet,n02486410,n02486410/ILSVRC2012_val_00017616.JPEG
imagenet,n02486410,n02486410/ILSVRC2012_val_00018328.JPEG
imagenet,n02486410,n02486410/ILSVRC2012_val_00018619.JPEG
imagenet,n02486410,n02486410/ILSVRC2012_val_00018747.JPEG
imagenet,n02486410,n02486410/ILSVRC2012_val_00019077.JPEG
imagenet,n02486410,n02486410/ILSVRC2012_val_00021248.JPEG
imagenet,n02486410,n02486410/ILSVRC2012_val_00021331.JPEG
imagenet,n02486410,n02486410/ILSVRC2012_val_00022565.JPEG
imagenet,n02486410,n02486410/ILSVRC2012_val_00025961.JPEG
imagenet,n02486410,n02486410/ILSVRC2012_val_00026043.JPEG
imagenet,n02486410,n02486410/ILSVRC2012_val_00030191.JPEG
imagenet,n02486410,n02486410/ILSVRC2012_val_00030727.JPEG
imagenet,n02486410,n02486410/ILSVRC2012_val_00031403.JPEG
imagenet,n02486410,n02486410/ILSVRC2012_val_00032273.JPEG
imagenet,n02486410,n02486410/ILSVRC2012_val_00032732.JPEG
imagenet,n02486410,n02486410/ILSVRC2012_val_00035204.JPEG
imagenet,n02486410,n02486410/ILSVRC2012_val_00035561.JPEG
imagenet,n02486410,n02486410/ILSVRC2012_val_00036238.JPEG
imagenet,n02486410,n02486410/ILSVRC2012_val_00036471.JPEG
imagenet,n02486410,n02486410/ILSVRC2012_val_00036528.JPEG
imagenet,n02486410,n02486410/ILSVRC2012_val_00039253.JPEG
imagenet,n02486410,n02486410/ILSVRC2012_val_00039925.JPEG
imagenet,n02486410,n02486410/ILSVRC2012_val_00041245.JPEG
imagenet,n02486410,n02486410/ILSVRC2012_val_00041749.JPEG
imagenet,n02486410,n02486410/ILSVRC2012_val_00042103.JPEG
imagenet,n02486410,n02486410/ILSVRC2012_val_00044305.JPEG
imagenet,n02486410,n02486410/ILSVRC2012_val_00045037.JPEG
imagenet,n02486410,n02486410/ILSVRC2012_val_00046291.JPEG
imagenet,n02486410,n02486410/ILSVRC2012_val_00046494.JPEG
imagenet,n02486410,n02486410/ILSVRC2012_val_00046666.JPEG
imagenet,n02486410,n02486410/ILSVRC2012_val_00049603.JPEG
imagenet,n02486410,n02486410/ILSVRC2012_val_00049974.JPEG
imagenet,n02510455,n02510455/ILSVRC2012_val_00000481.JPEG
imagenet,n02510455,n02510455/ILSVRC2012_val_00000657.JPEG
imagenet,n02510455,n02510455/ILSVRC2012_val_00005669.JPEG
imagenet,n02510455,n02510455/ILSVRC2012_val_00006012.JPEG
imagenet,n02510455,n02510455/ILSVRC2012_val_00006448.JPEG
imagenet,n02510455,n02510455/ILSVRC2012_val_00006543.JPEG
imagenet,n02510455,n02510455/ILSVRC2012_val_00007107.JPEG
imagenet,n02510455,n02510455/ILSVRC2012_val_00007767.JPEG
imagenet,n02510455,n02510455/ILSVRC2012_val_00007942.JPEG
imagenet,n02510455,n02510455/ILSVRC2012_val_00008673.JPEG
imagenet,n02510455,n02510455/ILSVRC2012_val_00009025.JPEG
imagenet,n02510455,n02510455/ILSVRC2012_val_00012542.JPEG
imagenet,n02510455,n02510455/ILSVRC2012_val_00012726.JPEG
imagenet,n02510455,n02510455/ILSVRC2012_val_00012855.JPEG
imagenet,n02510455,n02510455/ILSVRC2012_val_00014668.JPEG
imagenet,n02510455,n02510455/ILSVRC2012_val_00014901.JPEG
imagenet,n02510455,n02510455/ILSVRC2012_val_00015426.JPEG
imagenet,n02510455,n02510455/ILSVRC2012_val_00017598.JPEG
imagenet,n02510455,n02510455/ILSVRC2012_val_00021267.JPEG
imagenet,n02510455,n02510455/ILSVRC2012_val_00021336.JPEG
imagenet,n02510455,n02510455/ILSVRC2012_val_00021488.JPEG
imagenet,n02510455,n02510455/ILSVRC2012_val_00022314.JPEG
imagenet,n02510455,n02510455/ILSVRC2012_val_00022427.JPEG
imagenet,n02510455,n02510455/ILSVRC2012_val_00023272.JPEG
imagenet,n02510455,n02510455/ILSVRC2012_val_00025542.JPEG
imagenet,n02510455,n02510455/ILSVRC2012_val_00025586.JPEG
imagenet,n02510455,n02510455/ILSVRC2012_val_00026307.JPEG
imagenet,n02510455,n02510455/ILSVRC2012_val_00027242.JPEG
imagenet,n02510455,n02510455/ILSVRC2012_val_00027510.JPEG
imagenet,n02510455,n02510455/ILSVRC2012_val_00029121.JPEG
imagenet,n02510455,n02510455/ILSVRC2012_val_00029579.JPEG
imagenet,n02510455,n02510455/ILSVRC2012_val_00031095.JPEG
imagenet,n02510455,n02510455/ILSVRC2012_val_00031650.JPEG
imagenet,n02510455,n02510455/ILSVRC2012_val_00031896.JPEG
imagenet,n02510455,n02510455/ILSVRC2012_val_00032095.JPEG
imagenet,n02510455,n02510455/ILSVRC2012_val_00032206.JPEG
imagenet,n02510455,n02510455/ILSVRC2012_val_00034060.JPEG
imagenet,n02510455,n02510455/ILSVRC2012_val_00034442.JPEG
imagenet,n02510455,n02510455/ILSVRC2012_val_00034983.JPEG
imagenet,n02510455,n02510455/ILSVRC2012_val_00035397.JPEG
imagenet,n02510455,n02510455/ILSVRC2012_val_00038969.JPEG
imagenet,n02510455,n02510455/ILSVRC2012_val_00041143.JPEG
imagenet,n02510455,n02510455/ILSVRC2012_val_00042190.JPEG
imagenet,n02510455,n02510455/ILSVRC2012_val_00042615.JPEG
imagenet,n02510455,n02510455/ILSVRC2012_val_00042787.JPEG
imagenet,n02510455,n02510455/ILSVRC2012_val_00043447.JPEG
imagenet,n02510455,n02510455/ILSVRC2012_val_00044876.JPEG
imagenet,n02510455,n02510455/ILSVRC2012_val_00045697.JPEG
imagenet,n02510455,n02510455/ILSVRC2012_val_00047796.JPEG
imagenet,n02510455,n02510455/ILSVRC2012_val_00048200.JPEG
imagenet,n02526121,n02526121/ILSVRC2012_val_00000066.JPEG
imagenet,n02526121,n02526121/ILSVRC2012_val_00000316.JPEG
imagenet,n02526121,n02526121/ILSVRC2012_val_00000933.JPEG
imagenet,n02526121,n02526121/ILSVRC2012_val_00001595.JPEG
imagenet,n02526121,n02526121/ILSVRC2012_val_00001747.JPEG
imagenet,n02526121,n02526121/ILSVRC2012_val_00002381.JPEG
imagenet,n02526121,n02526121/ILSVRC2012_val_00005210.JPEG
imagenet,n02526121,n02526121/ILSVRC2012_val_00005884.JPEG
imagenet,n02526121,n02526121/ILSVRC2012_val_00009426.JPEG
imagenet,n02526121,n02526121/ILSVRC2012_val_00009459.JPEG
imagenet,n02526121,n02526121/ILSVRC2012_val_00010825.JPEG
imagenet,n02526121,n02526121/ILSVRC2012_val_00011544.JPEG
imagenet,n02526121,n02526121/ILSVRC2012_val_00012727.JPEG
imagenet,n02526121,n02526121/ILSVRC2012_val_00013596.JPEG
imagenet,n02526121,n02526121/ILSVRC2012_val_00013790.JPEG
imagenet,n02526121,n02526121/ILSVRC2012_val_00014258.JPEG
imagenet,n02526121,n02526121/ILSVRC2012_val_00015281.JPEG
imagenet,n02526121,n02526121/ILSVRC2012_val_00015692.JPEG
imagenet,n02526121,n02526121/ILSVRC2012_val_00015752.JPEG
imagenet,n02526121,n02526121/ILSVRC2012_val_00016239.JPEG
imagenet,n02526121,n02526121/ILSVRC2012_val_00016306.JPEG
imagenet,n02526121,n02526121/ILSVRC2012_val_00017924.JPEG
imagenet,n02526121,n02526121/ILSVRC2012_val_00019070.JPEG
imagenet,n02526121,n02526121/ILSVRC2012_val_00020757.JPEG
imagenet,n02526121,n02526121/ILSVRC2012_val_00023785.JPEG
imagenet,n02526121,n02526121/ILSVRC2012_val_00025800.JPEG
imagenet,n02526121,n02526121/ILSVRC2012_val_00028338.JPEG
imagenet,n02526121,n02526121/ILSVRC2012_val_00030260.JPEG
imagenet,n02526121,n02526121/ILSVRC2012_val_00032519.JPEG
imagenet,n02526121,n02526121/ILSVRC2012_val_00032579.JPEG
imagenet,n02526121,n02526121/ILSVRC2012_val_00032665.JPEG
imagenet,n02526121,n02526121/ILSVRC2012_val_00032840.JPEG
imagenet,n02526121,n02526121/ILSVRC2012_val_00033294.JPEG
imagenet,n02526121,n02526121/ILSVRC2012_val_00034488.JPEG
imagenet,n02526121,n02526121/ILSVRC2012_val_00036341.JPEG
imagenet,n02526121,n02526121/ILSVRC2012_val_00036535.JPEG
imagenet,n02526121,n02526121/ILSVRC2012_val_00036557.JPEG
imagenet,n02526121,n02526121/ILSVRC2012_val_00037146.JPEG
imagenet,n02526121,n02526121/ILSVRC2012_val_00037407.JPEG
imagenet,n02526121,n02526121/ILSVRC2012_val_00037558.JPEG
imagenet,n02526121,n02526121/ILSVRC2012_val_00040279.JPEG
imagenet,n02526121,n02526121/ILSVRC2012_val_00041211.JPEG
imagenet,n02526121,n02526121/ILSVRC2012_val_00041627.JPEG
imagenet,n02526121,n02526121/ILSVRC2012_val_00042020.JPEG
imagenet,n02526121,n02526121/ILSVRC2012_val_00042915.JPEG
imagenet,n02526121,n02526121/ILSVRC2012_val_00044395.JPEG
imagenet,n02526121,n02526121/ILSVRC2012_val_00044756.JPEG
imagenet,n02526121,n02526121/ILSVRC2012_val_00045132.JPEG
imagenet,n02526121,n02526121/ILSVRC2012_val_00045624.JPEG
imagenet,n02526121,n02526121/ILSVRC2012_val_00047288.JPEG
imagenet_r,n02437616,n02437616/art_0.jpg
imagenet_r,n02437616,n02437616/art_1.jpg
imagenet_r,n02437616,n02437616/art_2.jpg
imagenet_r,n02437616,n02437616/art_3.jpg
imagenet_r,n02437616,n02437616/art_4.jpg
imagenet_r,n02437616,n02437616/art_5.jpg
imagenet_r,n02437616,n02437616/art_6.jpg
imagenet_r,n02437616,n02437616/art_7.jpg
imagenet_r,n02437616,n02437616/art_8.jpg
imagenet_r,n02437616,n02437616/art_9.jpg
imagenet_r,n02437616,n02437616/cartoon_0.jpg
imagenet_r,n02437616,n02437616/cartoon_1.jpg
imagenet_r,n02437616,n02437616/cartoon_10.jpg
imagenet_r,n02437616,n02437616/cartoon_11.jpg
imagenet_r,n02437616,n02437616/cartoon_12.jpg
imagenet_r,n02437616,n02437616/cartoon_13.jpg
imagenet_r,n02437616,n02437616/cartoon_14.jpg
imagenet_r,n02437616,n02437616/cartoon_15.jpg
imagenet_r,n02437616,n02437616/cartoon_16.jpg
imagenet_r,n02437616,n02437616/cartoon_17.jpg
imagenet_r,n02437616,n02437616/cartoon_18.jpg
imagenet_r,n02437616,n02437616/cartoon_19.jpg
imagenet_r,n02437616,n02437616/cartoon_2.jpg
imagenet_r,n02437616,n02437616/cartoon_20.jpg
imagenet_r,n02437616,n02437616/cartoon_21.jpg
imagenet_r,n02437616,n02437616/cartoon_22.jpg
imagenet_r,n02437616,n02437616/cartoon_23.jpg
imagenet_r,n02437616,n02437616/cartoon_24.jpg
imagenet_r,n02437616,n02437616/cartoon_25.jpg
imagenet_r,n02437616,n02437616/cartoon_26.jpg
imagenet_r,n02437616,n02437616/cartoon_27.jpg
imagenet_r,n02437616,n02437616/cartoon_28.jpg
imagenet_r,n02437616,n02437616/cartoon_3.jpg
imagenet_r,n02437616,n02437616/cartoon_4.jpg
imagenet_r,n02437616,n02437616/cartoon_5.jpg
imagenet_r,n02437616,n02437616/cartoon_6.jpg
imagenet_r,n02437616,n02437616/cartoon_7.jpg
imagenet_r,n02437616,n02437616/cartoon_8.jpg
imagenet_r,n02437616,n02437616/cartoon_9.jpg
imagenet_r,n02437616,n02437616/deviantart_0.jpg
imagenet_r,n02437616,n02437616/deviantart_1.jpg
imagenet_r,n02437616,n02437616/deviantart_10.jpg
imagenet_r,n02437616,n02437616/deviantart_11.jpg
imagenet_r,n02437616,n02437616/deviantart_12.jpg
imagenet_r,n02437616,n02437616/deviantart_13.jpg
imagenet_r,n02437616,n02437616/deviantart_14.jpg
imagenet_r,n02437616,n02437616/deviantart_15.jpg
imagenet_r,n02437616,n02437616/deviantart_16.jpg
imagenet_r,n02437616,n02437616/deviantart_17.jpg
imagenet_r,n02437616,n02437616/deviantart_18.jpg
imagenet_r,n02445715,n02445715/art_0.jpg
imagenet_r,n02445715,n02445715/art_1.jpg
imagenet_r,n02445715,n02445715/art_2.jpg
imagenet_r,n02445715,n02445715/art_3.jpg
imagenet_r,n02445715,n02445715/art_4.jpg
imagenet_r,n02445715,n02445715/art_5.jpg
imagenet_r,n02445715,n02445715/art_6.jpg
imagenet_r,n02445715,n02445715/cartoon_0.jpg
imagenet_r,n02445715,n02445715/cartoon_1.jpg
imagenet_r,n02445715,n02445715/cartoon_10.jpg
imagenet_r,n02445715,n02445715/cartoon_11.jpg
imagenet_r,n02445715,n02445715/cartoon_12.jpg
imagenet_r,n02445715,n02445715/cartoon_13.jpg
imagenet_r,n02445715,n02445715/cartoon_14.jpg
imagenet_r,n02445715,n02445715/cartoon_15.jpg
imagenet_r,n02445715,n02445715/cartoon_16.jpg
imagenet_r,n02445715,n02445715/cartoon_17.jpg
imagenet_r,n02445715,n02445715/cartoon_18.jpg
imagenet_r,n02445715,n02445715/cartoon_19.jpg
imagenet_r,n02445715,n02445715/cartoon_2.jpg
imagenet_r,n02445715,n02445715/cartoon_20.jpg
imagenet_r,n02445715,n02445715/cartoon_21.jpg
imagenet_r,n02445715,n02445715/cartoon_22.jpg
imagenet_r,n02445715,n02445715/cartoon_23.jpg
imagenet_r,n02445715,n02445715/cartoon_24.jpg
imagenet_r,n02445715,n02445715/cartoon_25.jpg
imagenet_r,n02445715,n02445715/cartoon_26.jpg
imagenet_r,n02445715,n02445715/cartoon_27.jpg
imagenet_r,n02445715,n02445715/cartoon_28.jpg
imagenet_r,n02445715,n02445715/cartoon_29.jpg
imagenet_r,n02445715,n02445715/cartoon_3.jpg
imagenet_r,n02445715,n02445715/cartoon_30.jpg
imagenet_r,n02445715,n02445715/cartoon_31.jpg
imagenet_r,n02445715,n02445715/cartoon_32.jpg
imagenet_r,n02445715,n02445715/cartoon_33.jpg
imagenet_r,n02445715,n02445715/cartoon_34.jpg
imagenet_r,n02445715,n02445715/cartoon_35.jpg
imagenet_r,n02445715,n02445715/cartoon_36.jpg
imagenet_r,n02445715,n02445715/cartoon_37.jpg
imagenet_r,n02445715,n02445715/cartoon_38.jpg
imagenet_r,n02445715,n02445715/cartoon_39.jpg
imagenet_r,n02445715,n02445715/cartoon_4.jpg
imagenet_r,n02445715,n02445715/cartoon_40.jpg
imagenet_r,n02445715,n02445715/cartoon_5.jpg
imagenet_r,n02445715,n02445715/cartoon_6.jpg
imagenet_r,n02445715,n02445715/cartoon_7.jpg
imagenet_r,n02445715,n02445715/cartoon_8.jpg
imagenet_r,n02445715,n02445715/cartoon_9.jpg
imagenet_r,n02445715,n02445715/embroidery_0.jpg
imagenet_r,n02445715,n02445715/embroidery_1.jpg
imagenet_r,n02447366,n02447366/art_0.jpg
imagenet_r,n02447366,n02447366/art_1.jpg
imagenet_r,n02447366,n02447366/art_2.jpg
imagenet_r,n02447366,n02447366/art_3.jpg
imagenet_r,n02447366,n02447366/cartoon_0.jpg
imagenet_r,n02447366,n02447366/cartoon_1.jpg
imagenet_r,n02447366,n02447366/cartoon_10.jpg
imagenet_r,n02447366,n02447366/cartoon_11.jpg
imagenet_r,n02447366,n02447366/cartoon_12.jpg
imagenet_r,n02447366,n02447366/cartoon_13.jpg
imagenet_r,n02447366,n02447366/cartoon_14.jpg
imagenet_r,n02447366,n02447366/cartoon_15.jpg
imagenet_r,n02447366,n02447366/cartoon_16.jpg
imagenet_r,n02447366,n02447366/cartoon_17.jpg
imagenet_r,n02447366,n02447366/cartoon_18.jpg
imagenet_r,n02447366,n02447366/cartoon_19.jpg
imagenet_r,n02447366,n02447366/cartoon_2.jpg
imagenet_r,n02447366,n02447366/cartoon_20.jpg
imagenet_r,n02447366,n02447366/cartoon_21.jpg
imagenet_r,n02447366,n02447366/cartoon_22.jpg
imagenet_r,n02447366,n02447366/cartoon_23.jpg
imagenet_r,n02447366,n02447366/cartoon_24.jpg
imagenet_r,n02447366,n02447366/cartoon_25.jpg
imagenet_r,n02447366,n02447366/cartoon_26.jpg
imagenet_r,n02447366,n02447366/cartoon_27.jpg
imagenet_r,n02447366,n02447366/cartoon_28.jpg
imagenet_r,n02447366,n02447366/cartoon_29.jpg
imagenet_r,n02447366,n02447366/cartoon_3.jpg
imagenet_r,n02447366,n02447366/cartoon_30.jpg
imagenet_r,n02447366,n02447366/cartoon_4.jpg
imagenet_r,n02447366,n02447366/cartoon_5.jpg
imagenet_r,n02447366,n02447366/cartoon_6.jpg
imagenet_r,n02447366,n02447366/cartoon_7.jpg
imagenet_r,n02447366,n02447366/cartoon_8.jpg
imagenet_r,n02447366,n02447366/cartoon_9.jpg
imagenet_r,n02447366,n02447366/embroidery_0.jpg
imagenet_r,n02447366,n02447366/embroidery_1.jpg
imagenet_r,n02447366,n02447366/embroidery_2.jpg
imagenet_r,n02447366,n02447366/embroidery_3.jpg
imagenet_r,n02447366,n02447366/embroidery_4.jpg
imagenet_r,n02447366,n02447366/embroidery_5.jpg
imagenet_r,n02447366,n02447366/embroidery_6.jpg
imagenet_r,n02447366,n02447366/embroidery_7.jpg
imagenet_r,n02447366,n02447366/embroidery_8.jpg
imagenet_r,n02447366,n02447366/graffiti_0.jpg
imagenet_r,n02447366,n02447366/graffiti_1.jpg
imagenet_r,n02447366,n02447366/graffiti_2.jpg
imagenet_r,n02447366,n02447366/graffiti_3.jpg
imagenet_r,n02447366,n02447366/graffiti_4.jpg
imagenet_r,n02447366,n02447366/graffiti_5.jpg
imagenet_r,n02480495,n02480495/art_0.jpg
imagenet_r,n02480495,n02480495/art_1.jpg
imagenet_r,n02480495,n02480495/art_10.jpg
imagenet_r,n02480495,n02480495/art_11.jpg
imagenet_r,n02480495,n02480495/art_12.jpg
imagenet_r,n02480495,n02480495/art_13.jpg
imagenet_r,n02480495,n02480495/art_14.jpg
imagenet_r,n02480495,n02480495/art_15.jpg
imagenet_r,n02480495,n02480495/art_16.jpg
imagenet_r,n02480495,n02480495/art_17.jpg
imagenet_r,n02480495,n02480495/art_18.jpg
imagenet_r,n02480495,n02480495/art_2.jpg
imagenet_r,n02480495,n02480495/art_3.jpg
imagenet_r,n02480495,n02480495/art_4.jpg
imagenet_r,n02480495,n02480495/art_5.jpg
imagenet_r,n02480495,n02480495/art_6.jpg
imagenet_r,n02480495,n02480495/art_7.jpg
imagenet_r,n02480495,n02480495/art_8.jpg
imagenet_r,n02480495,n02480495/art_9.jpg
imagenet_r,n02480495,n02480495/cartoon_0.jpg
imagenet_r,n02480495,n02480495/cartoon_1.jpg
imagenet_r,n02480495,n02480495/cartoon_10.jpg
imagenet_r,n02480495,n02480495/cartoon_11.jpg
imagenet_r,n02480495,n02480495/cartoon_12.jpg
imagenet_r,n02480495,n02480495/cartoon_13.jpg
imagenet_r,n02480495,n02480495/cartoon_14.jpg
imagenet_r,n02480495,n02480495/cartoon_15.jpg
imagenet_r,n02480495,n02480495/cartoon_16.jpg
imagenet_r,n02480495,n02480495/cartoon_17.jpg
imagenet_r,n02480495,n02480495/cartoon_18.jpg
imagenet_r,n02480495,n02480495/cartoon_2.jpg
imagenet_r,n02480495,n02480495/cartoon_3.jpg
imagenet_r,n02480495,n02480495/cartoon_4.jpg
imagenet_r,n02480495,n02480495/cartoon_5.jpg
imagenet_r,n02480495,n02480495/cartoon_6.jpg
imagenet_r,n02480495,n02480495/cartoon_7.jpg
imagenet_r,n02480495,n02480495/cartoon_8.jpg
imagenet_r,n02480495,n02480495/cartoon_9.jpg
imagenet_r,n02480495,n02480495/graffiti_0.jpg
imagenet_r,n02480495,n02480495/graffiti_1.jpg
imagenet_r,n02480495,n02480495/graphic_0.jpg
imagenet_r,n02480495,n02480495/misc_0.jpg
imagenet_r,n02480495,n02480495/misc_1.jpg
imagenet_r,n02480495,n02480495/misc_2.jpg
imagenet_r,n02480495,n02480495/misc_3.jpg
imagenet_r,n02480495,n02480495/misc_4.jpg
imagenet_r,n02480495,n02480495/painting_0.jpg
imagenet_r,n02480495,n02480495/painting_1.jpg
imagenet_r,n02480495,n02480495/painting_10.jpg
imagenet_r,n02480495,n02480495/painting_11.jpg
imagenet_r,n02480855,n02480855/art_0.jpg
imagenet_r,n02480855,n02480855/art_1.jpg
imagenet_r,n02480855,n02480855/art_10.jpg
imagenet_r,n02480855,n02480855/art_2.jpg
imagenet_r,n02480855,n02480855/art_3.jpg
imagenet_r,n02480855,n02480855/art_4.jpg
imagenet_r,n02480855,n02480855/art_5.jpg
imagenet_r,n02480855,n02480855/art_6.jpg
imagenet_r,n02480855,n02480855/art_7.jpg
imagenet_r,n02480855,n02480855/art_8.jpg
imagenet_r,n02480855,n02480855/art_9.jpg
imagenet_r,n02480855,n02480855/cartoon_0.jpg
imagenet_r,n02480855,n02480855/cartoon_1.jpg
imagenet_r,n02480855,n02480855/cartoon_10.jpg
imagenet_r,n02480855,n02480855/cartoon_11.jpg
imagenet_r,n02480855,n02480855/cartoon_12.jpg
imagenet_r,n02480855,n02480855/cartoon_13.jpg
imagenet_r,n02480855,n02480855/cartoon_14.jpg
imagenet_r,n02480855,n02480855/cartoon_15.jpg
imagenet_r,n02480855,n02480855/cartoon_16.jpg
imagenet_r,n02480855,n02480855/cartoon_17.jpg
imagenet_r,n02480855,n02480855/cartoon_18.jpg
imagenet_r,n02480855,n02480855/cartoon_2.jpg
imagenet_r,n02480855,n02480855/cartoon_3.jpg
imagenet_r,n02480855,n02480855/cartoon_4.jpg
imagenet_r,n02480855,n02480855/cartoon_5.jpg
imagenet_r,n02480855,n02480855/cartoon_6.jpg
imagenet_r,n02480855,n02480855/cartoon_7.jpg
imagenet_r,n02480855,n02480855/cartoon_8.jpg
imagenet_r,n02480855,n02480855/cartoon_9.jpg
imagenet_r,n02480855,n02480855/graffiti_0.jpg
imagenet_r,n02480855,n02480855/graffiti_1.jpg
imagenet_r,n02480855,n02480855/graffiti_10.jpg
imagenet_r,n02480855,n02480855/graffiti_11.jpg
imagenet_r,n02480855,n02480855/graffiti_12.jpg
imagenet_r,n02480855,n02480855/graffiti_13.jpg
imagenet_r,n02480855,n02480855/graffiti_14.jpg
imagenet_r,n02480855,n02480855/graffiti_15.jpg
imagenet_r,n02480855,n02480855/graffiti_16.jpg
imagenet_r,n02480855,n02480855/graffiti_17.jpg
imagenet_r,n02480855,n02480855/graffiti_18.jpg
imagenet_r,n02480855,n02480855/graffiti_19.jpg
imagenet_r,n02480855,n02480855/graffiti_2.jpg
imagenet_r,n02480855,n02480855/graffiti_3.jpg
imagenet_r,n02480855,n02480855/graffiti_4.jpg
imagenet_r,n02480855,n02480855/graffiti_5.jpg
imagenet_r,n02480855,n02480855/graffiti_6.jpg
imagenet_r,n02480855,n02480855/graffiti_7.jpg
imagenet_r,n02480855,n02480855/graffiti_8.jpg
imagenet_r,n02480855,n02480855/graffiti_9.jpg
imagenet_r,n02481823,n02481823/art_0.jpg
imagenet_r,n02481823,n02481823/art_1.jpg
imagenet_r,n02481823,n02481823/art_10.jpg
imagenet_r,n02481823,n02481823/art_11.jpg
imagenet_r,n02481823,n02481823/art_12.jpg
imagenet_r,n02481823,n02481823/art_13.jpg
imagenet_r,n02481823,n02481823/art_14.jpg
imagenet_r,n02481823,n02481823/art_15.jpg
imagenet_r,n02481823,n02481823/art_16.jpg
imagenet_r,n02481823,n02481823/art_17.jpg
imagenet_r,n02481823,n02481823/art_18.jpg
imagenet_r,n02481823,n02481823/art_19.jpg
imagenet_r,n02481823,n02481823/art_2.jpg
imagenet_r,n02481823,n02481823/art_3.jpg
imagenet_r,n02481823,n02481823/art_4.jpg
imagenet_r,n02481823,n02481823/art_5.jpg
imagenet_r,n02481823,n02481823/art_6.jpg
imagenet_r,n02481823,n02481823/art_7.jpg
imagenet_r,n02481823,n02481823/art_8.jpg
imagenet_r,n02481823,n02481823/art_9.jpg
imagenet_r,n02481823,n02481823/cartoon_0.jpg
imagenet_r,n02481823,n02481823/cartoon_1.jpg
imagenet_r,n02481823,n02481823/cartoon_10.jpg
imagenet_r,n02481823,n02481823/cartoon_11.jpg
imagenet_r,n02481823,n02481823/cartoon_12.jpg
imagenet_r,n02481823,n02481823/cartoon_13.jpg
imagenet_r,n02481823,n02481823/cartoon_14.jpg
imagenet_r,n02481823,n02481823/cartoon_15.jpg
imagenet_r,n02481823,n02481823/cartoon_16.jpg
imagenet_r,n02481823,n02481823/cartoon_17.jpg
imagenet_r,n02481823,n02481823/cartoon_18.jpg
imagenet_r,n02481823,n02481823/cartoon_19.jpg
imagenet_r,n02481823,n02481823/cartoon_2.jpg
imagenet_r,n02481823,n02481823/cartoon_20.jpg
imagenet_r,n02481823,n02481823/cartoon_21.jpg
imagenet_r,n02481823,n02481823/cartoon_22.jpg
imagenet_r,n02481823,n02481823/cartoon_23.jpg
imagenet_r,n02481823,n02481823/cartoon_24.jpg
imagenet_r,n02481823,n02481823/cartoon_25.jpg
imagenet_r,n02481823,n02481823/cartoon_26.jpg
imagenet_r,n02481823,n02481823/cartoon_3.jpg
imagenet_r,n02481823,n02481823/cartoon_4.jpg
imagenet_r,n02481823,n02481823/cartoon_5.jpg
imagenet_r,n02481823,n02481823/cartoon_6.jpg
imagenet_r,n02481823,n02481823/cartoon_7.jpg
imagenet_r,n02481823,n02481823/cartoon_8.jpg
imagenet_r,n02481823,n02481823/cartoon_9.jpg
imagenet_r,n02481823,n02481823/deviantart_0.jpg
imagenet_r,n02481823,n02481823/deviantart_1.jpg
imagenet_r,n02481823,n02481823/deviantart_10.jpg
imagenet_r,n02483362,n02483362/art_0.jpg
imagenet_r,n02483362,n02483362/art_1.jpg
imagenet_r,n02483362,n02483362/art_2.jpg
imagenet_r,n02483362,n02483362/art_3.jpg
imagenet_r,n02483362,n02483362/art_4.jpg
imagenet_r,n02483362,n02483362/cartoon_0.jpg
imagenet_r,n02483362,n02483362/cartoon_1.jpg
imagenet_r,n02483362,n02483362/cartoon_2.jpg
imagenet_r,n02483362,n02483362/cartoon_3.jpg
imagenet_r,n02483362,n02483362/cartoon_4.jpg
imagenet_r,n02483362,n02483362/cartoon_5.jpg
imagenet_r,n02483362,n02483362/cartoon_6.jpg
imagenet_r,n02483362,n02483362/cartoon_7.jpg
imagenet_r,n02483362,n02483362/cartoon_8.jpg
imagenet_r,n02483362,n02483362/graffiti_0.jpg
imagenet_r,n02483362,n02483362/graffiti_1.jpg
imagenet_r,n02483362,n02483362/misc_0.jpg
imagenet_r,n02483362,n02483362/origami_0.jpg
imagenet_r,n02483362,n02483362/origami_1.jpg
imagenet_r,n02483362,n02483362/origami_2.jpg
imagenet_r,n02483362,n02483362/painting_0.jpg
imagenet_r,n02483362,n02483362/painting_1.jpg
imagenet_r,n02483362,n02483362/painting_2.jpg
imagenet_r,n02483362,n02483362/painting_3.jpg
imagenet_r,n02483362,n02483362/painting_4.jpg
imagenet_r,n02483362,n02483362/painting_5.jpg
imagenet_r,n02483362,n02483362/painting_6.jpg
imagenet_r,n02483362,n02483362/painting_7.jpg
imagenet_r,n02483362,n02483362/painting_8.jpg
imagenet_r,n02483362,n02483362/sculpture_0.jpg
imagenet_r,n02483362,n02483362/sculpture_1.jpg
imagenet_r,n02483362,n02483362/sketch_0.jpg
imagenet_r,n02483362,n02483362/sketch_1.jpg
imagenet_r,n02483362,n02483362/sketch_10.jpg
imagenet_r,n02483362,n02483362/sketch_11.jpg
imagenet_r,n02483362,n02483362/sketch_12.jpg
imagenet_r,n02483362,n02483362/sketch_13.jpg
imagenet_r,n02483362,n02483362/sketch_14.jpg
imagenet_r,n02483362,n02483362/sketch_15.jpg
imagenet_r,n02483362,n02483362/sketch_16.jpg
imagenet_r,n02483362,n02483362/sketch_17.jpg
imagenet_r,n02483362,n02483362/sketch_18.jpg
imagenet_r,n02483362,n02483362/sketch_19.jpg
imagenet_r,n02483362,n02483362/sketch_2.jpg
imagenet_r,n02483362,n02483362/sketch_20.jpg
imagenet_r,n02483362,n02483362/sketch_21.jpg
imagenet_r,n02483362,n02483362/sketch_22.jpg
imagenet_r,n02483362,n02483362/sketch_23.jpg
imagenet_r,n02483362,n02483362/sketch_24.jpg
imagenet_r,n02483362,n02483362/sketch_25.jpg
imagenet_r,n02486410,n02486410/art_0.jpg
imagenet_r,n02486410,n02486410/art_1.jpg
imagenet_r,n02486410,n02486410/art_2.jpg
imagenet_r,n02486410,n02486410/art_3.jpg
imagenet_r,n02486410,n02486410/art_4.jpg
imagenet_r,n02486410,n02486410/art_5.jpg
imagenet_r,n02486410,n02486410/art_6.jpg
imagenet_r,n02486410,n02486410/cartoon_0.jpg
imagenet_r,n02486410,n02486410/cartoon_1.jpg
imagenet_r,n02486410,n02486410/cartoon_10.jpg
imagenet_r,n02486410,n02486410/cartoon_11.jpg
imagenet_r,n02486410,n02486410/cartoon_12.jpg
imagenet_r,n02486410,n02486410/cartoon_13.jpg
imagenet_r,n02486410,n02486410/cartoon_14.jpg
imagenet_r,n02486410,n02486410/cartoon_15.jpg
imagenet_r,n02486410,n02486410/cartoon_16.jpg
imagenet_r,n02486410,n02486410/cartoon_17.jpg
imagenet_r,n02486410,n02486410/cartoon_18.jpg
imagenet_r,n02486410,n02486410/cartoon_19.jpg
imagenet_r,n02486410,n02486410/cartoon_2.jpg
imagenet_r,n02486410,n02486410/cartoon_20.jpg
imagenet_r,n02486410,n02486410/cartoon_21.jpg
imagenet_r,n02486410,n02486410/cartoon_22.jpg
imagenet_r,n02486410,n02486410/cartoon_23.jpg
imagenet_r,n02486410,n02486410/cartoon_24.jpg
imagenet_r,n02486410,n02486410/cartoon_25.jpg
imagenet_r,n02486410,n02486410/cartoon_26.jpg
imagenet_r,n02486410,n02486410/cartoon_27.jpg
imagenet_r,n02486410,n02486410/cartoon_28.jpg
imagenet_r,n02486410,n02486410/cartoon_29.jpg
imagenet_r,n02486410,n02486410/cartoon_3.jpg
imagenet_r,n02486410,n02486410/cartoon_30.jpg
imagenet_r,n02486410,n02486410/cartoon_31.jpg
imagenet_r,n02486410,n02486410/cartoon_4.jpg
imagenet_r,n02486410,n02486410/cartoon_5.jpg
imagenet_r,n02486410,n02486410/cartoon_6.jpg
imagenet_r,n02486410,n02486410/cartoon_7.jpg
imagenet_r,n02486410,n02486410/cartoon_8.jpg
imagenet_r,n02486410,n02486410/cartoon_9.jpg
imagenet_r,n02486410,n02486410/embroidery_0.jpg
imagenet_r,n02486410,n02486410/graffiti_0.jpg
imagenet_r,n02486410,n02486410/graffiti_1.jpg
imagenet_r,n02486410,n02486410/graffiti_2.jpg
imagenet_r,n02486410,n02486410/graffiti_3.jpg
imagenet_r,n02486410,n02486410/graffiti_4.jpg
imagenet_r,n02486410,n02486410/graffiti_5.jpg
imagenet_r,n02486410,n02486410/graffiti_6.jpg
imagenet_r,n02486410,n02486410/graffiti_7.jpg
imagenet_r,n02486410,n02486410/graffiti_8.jpg
imagenet_r,n02486410,n02486410/graffiti_9.jpg
imagenet_r,n02510455,n02510455/deviantart_0.jpg
imagenet_r,n02510455,n02510455/deviantart_1.jpg
imagenet_r,n02510455,n02510455/deviantart_10.jpg
imagenet_r,n02510455,n02510455/deviantart_11.jpg
imagenet_r,n02510455,n02510455/deviantart_12.jpg
imagenet_r,n02510455,n02510455/deviantart_13.jpg
imagenet_r,n02510455,n02510455/deviantart_14.jpg
imagenet_r,n02510455,n02510455/deviantart_15.jpg
imagenet_r,n02510455,n02510455/deviantart_16.jpg
imagenet_r,n02510455,n02510455/deviantart_17.jpg
imagenet_r,n02510455,n02510455/deviantart_18.jpg
imagenet_r,n02510455,n02510455/deviantart_19.jpg
imagenet_r,n02510455,n02510455/deviantart_2.jpg
imagenet_r,n02510455,n02510455/deviantart_20.jpg
imagenet_r,n02510455,n02510455/deviantart_21.jpg
imagenet_r,n02510455,n02510455/deviantart_22.jpg
imagenet_r,n02510455,n02510455/deviantart_23.jpg
imagenet_r,n02510455,n02510455/deviantart_24.jpg
imagenet_r,n02510455,n02510455/deviantart_25.jpg
imagenet_r,n02510455,n02510455/deviantart_26.jpg
imagenet_r,n02510455,n02510455/deviantart_27.jpg
imagenet_r,n02510455,n02510455/deviantart_28.jpg
imagenet_r,n02510455,n02510455/deviantart_29.jpg
imagenet_r,n02510455,n02510455/deviantart_3.jpg
imagenet_r,n02510455,n02510455/deviantart_4.jpg
imagenet_r,n02510455,n02510455/deviantart_5.jpg
imagenet_r,n02510455,n02510455/deviantart_6.jpg
imagenet_r,n02510455,n02510455/deviantart_7.jpg
imagenet_r,n02510455,n02510455/deviantart_8.jpg
imagenet_r,n02510455,n02510455/deviantart_9.jpg
imagenet_r,n02510455,n02510455/misc_0.jpg
imagenet_r,n02510455,n02510455/misc_1.jpg
imagenet_r,n02510455,n02510455/misc_10.jpg
imagenet_r,n02510455,n02510455/misc_100.jpg
imagenet_r,n02510455,n02510455/misc_101.jpg
imagenet_r,n02510455,n02510455/misc_102.jpg
imagenet_r,n02510455,n02510455/misc_103.jpg
imagenet_r,n02510455,n02510455/misc_104.jpg
imagenet_r,n02510455,n02510455/misc_105.jpg
imagenet_r,n02510455,n02510455/misc_106.jpg
imagenet_r,n02510455,n02510455/misc_107.jpg
imagenet_r,n02510455,n02510455/misc_108.jpg
imagenet_r,n02510455,n02510455/misc_109.jpg
imagenet_r,n02510455,n02510455/misc_11.jpg
imagenet_r,n02510455,n02510455/misc_110.jpg
imagenet_r,n02510455,n02510455/misc_111.jpg
imagenet_r,n02510455,n02510455/misc_112.jpg
imagenet_r,n02510455,n02510455/misc_113.jpg
imagenet_r,n02510455,n02510455/misc_114.jpg
imagenet_r,n02510455,n02510455/misc_115.jpg
imagenet_r,n02526121,n02526121/art_0.jpg
imagenet_r,n02526121,n02526121/art_1.jpg
imagenet_r,n02526121,n02526121/art_2.jpg
imagenet_r,n02526121,n02526121/art_3.jpg
imagenet_r,n02526121,n02526121/art_4.jpg
imagenet_r,n02526121,n02526121/art_5.jpg
imagenet_r,n02526121,n02526121/art_6.jpg
imagenet_r,n02526121,n02526121/art_7.jpg
imagenet_r,n02526121,n02526121/art_8.jpg
imagenet_r,n02526121,n02526121/cartoon_0.jpg
imagenet_r,n02526121,n02526121/cartoon_1.jpg
imagenet_r,n02526121,n02526121/cartoon_10.jpg
imagenet_r,n02526121,n02526121/cartoon_11.jpg
imagenet_r,n02526121,n02526121/cartoon_12.jpg
imagenet_r,n02526121,n02526121/cartoon_13.jpg
imagenet_r,n02526121,n02526121/cartoon_14.jpg
imagenet_r,n02526121,n02526121/cartoon_15.jpg
imagenet_r,n02526121,n02526121/cartoon_16.jpg
imagenet_r,n02526121,n02526121/cartoon_17.jpg
imagenet_r,n02526121,n02526121/cartoon_18.jpg
imagenet_r,n02526121,n02526121/cartoon_19.jpg
imagenet_r,n02526121,n02526121/cartoon_2.jpg
imagenet_r,n02526121,n02526121/cartoon_20.jpg
imagenet_r,n02526121,n02526121/cartoon_21.jpg
imagenet_r,n02526121,n02526121/cartoon_22.jpg
imagenet_r,n02526121,n02526121/cartoon_23.jpg
imagenet_r,n02526121,n02526121/cartoon_24.jpg
imagenet_r,n02526121,n02526121/cartoon_25.jpg
imagenet_r,n02526121,n02526121/cartoon_26.jpg
imagenet_r,n02526121,n02526121/cartoon_27.jpg
imagenet_r,n02526121,n02526121/cartoon_28.jpg
imagenet_r,n02526121,n02526121/cartoon_29.jpg
imagenet_r,n02526121,n02526121/cartoon_3.jpg
imagenet_r,n02526121,n02526121/cartoon_30.jpg
imagenet_r,n02526121,n02526121/cartoon_31.jpg
imagenet_r,n02526121,n02526121/cartoon_32.jpg
imagenet_r,n02526121,n02526121/cartoon_33.jpg
imagenet_r,n02526121,n02526121/cartoon_34.jpg
imagenet_r,n02526121,n02526121/cartoon_35.jpg
imagenet_r,n02526121,n02526121/cartoon_36.jpg
imagenet_r,n02526121,n02526121/cartoon_37.jpg
imagenet_r,n02526121,n02526121/cartoon_4.jpg
imagenet_r,n02526121,n02526121/cartoon_5.jpg
imagenet_r,n02526121,n02526121/cartoon_6.jpg
imagenet_r,n02526121,n02526121/cartoon_7.jpg
imagenet_r,n02526121,n02526121/cartoon_8.jpg
imagenet_r,n02526121,n02526121/cartoon_9.jpg
imagenet_r,n02526121,n02526121/graffiti_0.jpg
imagenet_r,n02526121,n02526121/graphic_0.jpg
imagenet_r,n02526121,n02526121/misc_0.jpg
